Date,Open,High,Low,Close,Volume,Dividends,Stock Splits,Ticker
2010-01-04 00:00:00-05:00,138.39828404065045,141.81652785235897,137.9587882767972,140.8643035888672,9135000,0.0,0,GS-1
2010-01-05 00:00:00-05:00,140.79922079166383,143.45242707112973,140.449263371455,143.35476684570312,11659400,0.0,0,GS-1
2010-01-06 00:00:00-05:00,142.7362020398138,142.7362020398138,141.41772717441228,141.8246612548828,7381100,0.0,0,GS-1
2010-01-07 00:00:00-05:00,141.8735243034877,145.47895481716807,141.57238459569146,144.5999755859375,8727400,0.0,0,GS-1
2010-01-08 00:00:00-05:00,143.50937359950584,144.4046211209296,141.5723634120765,141.8653564453125,7268100,0.0,0,GS-1
2010-01-11 00:00:00-05:00,142.47579765148757,142.47579765148757,138.78084064363279,139.62725830078125,7704900,0.0,0,GS-1
2010-01-12 00:00:00-05:00,138.36567320607014,138.74819210149687,135.94035041144127,136.58331298828125,10360100,0.0,0,GS-1
2010-01-13 00:00:00-05:00,136.73796692359613,138.08899087017048,135.19975680231167,137.60067749023438,11269500,0.0,0,GS-1
2010-01-14 00:00:00-05:00,136.72989036813945,138.94361339616293,136.0869398002555,137.16123962402344,10521400,0.0,0,GS-1
2010-01-15 00:00:00-05:00,136.40435837248876,136.56712958017346,133.9464721549144,134.45921325683594,10896300,0.0,0,GS-1
2010-01-19 00:00:00-05:00,134.29640168851287,136.2415463994548,133.39300739238075,135.80206298828125,7705300,0.0,0,GS-1
2010-01-20 00:00:00-05:00,134.9393850297437,136.87638340327592,133.73486325866492,136.55897521972656,8893900,0.0,0,GS-1
2010-01-21 00:00:00-05:00,137.77970797370122,139.1714277150534,127.59008957598486,130.92694091796875,51738300,0.0,0,GS-1
2010-01-22 00:00:00-05:00,129.15276426945732,130.01546269220017,123.91145035923302,125.43338012695312,30175600,0.0,0,GS-1
2010-01-25 00:00:00-05:00,127.06925674125858,128.83534939375505,125.74264748957074,126.13330078125,17877000,0.0,0,GS-1
2010-01-26 00:00:00-05:00,126.07633586720924,127.37038342762875,122.64994500856288,122.79644775390625,15985900,0.0,0,GS-1
2010-01-27 00:00:00-05:00,122.69063186645508,124.46485859186699,120.67224219588873,123.30103302001953,19899000,0.0,0,GS-1
2010-01-28 00:00:00-05:00,125.52288106413997,126.31233416166506,122.03952638210117,124.75784301757812,16160700,0.0,0,GS-1
2010-01-29 00:00:00-05:00,125.6938098776811,126.05191388144668,120.29785960537714,121.03848266601562,18502800,0.0,0,GS-1
2010-02-01 00:00:00-05:00,121.93373805157707,126.35303635742933,121.4372779594817,124.62763977050781,12980800,0.0,0,GS-1
2010-02-02 00:00:00-05:00,125.05085908066165,128.18425699693347,125.05085908066165,127.7284927368164,17246600,0.0,0,GS-1
2010-02-03 00:00:00-05:00,128.52603318777147,130.1700500265002,127.86680209414861,127.96446228027344,16785200,0.0,0,GS-1
2010-02-04 00:00:00-05:00,126.36934757508293,127.01229813481963,122.44649599970832,122.63368225097656,18895000,0.0,0,GS-1
2010-02-05 00:00:00-05:00,122.74764012020746,125.71012064945084,121.16058677851036,125.46595764160156,18759200,0.0,0,GS-1
2010-02-08 00:00:00-05:00,125.55542402296088,125.82400196215148,122.74758181308162,122.9754638671875,10257300,0.0,0,GS-1
2010-02-09 00:00:00-05:00,124.27772459319014,124.95323697716628,121.79542304210874,124.10681915283203,14017300,0.0,0,GS-1
2010-02-10 00:00:00-05:00,124.33467960911061,126.43446158256002,123.51266457278783,125.03460693359375,10555300,0.0,0,GS-1
2010-02-11 00:00:00-05:00,125.66125023902845,126.41001994198132,123.91143850510026,125.37640380859375,11163400,0.0,0,GS-1
2010-02-12 00:00:00-05:00,124.00905451915337,125.74259721196246,123.00800042633537,125.2786865234375,10293200,0.0,0,GS-1
2010-02-16 00:00:00-05:00,126.39368337687289,128.37952297737255,125.82397834852583,128.10279846191406,11497100,0.0,0,GS-1
2010-02-17 00:00:00-05:00,128.59117379058858,128.7458107333956,126.80880047068551,127.98890686035156,10070000,0.0,0,GS-1
2010-02-18 00:00:00-05:00,126.64602265780297,127.44360996342378,126.05190238862112,126.74368286132812,10991100,0.0,0,GS-1
2010-02-19 00:00:00-05:00,125.7507659682314,127.77730217406003,125.73449754631986,127.10992431640625,8693000,0.0,0,GS-1
2010-02-22 00:00:00-05:00,127.94008540401033,128.56676742877235,126.9878610492816,127.54129791259766,7375500,0.0,0,GS-1
2010-02-23 00:00:00-05:00,127.62269862592922,130.3898585679267,126.89022205170261,127.53317260742188,15696000,0.0,0,GS-1
2010-02-24 00:00:00-05:00,128.0540376264266,129.60852908763852,127.67151852510963,128.85977172851562,8361500,0.0,0,GS-1
2010-02-25 00:00:00-05:00,127.15060781118243,127.32152557373048,125.59612920249052,127.32152557373047,10519900,0.0,0,GS-1
2010-02-26 00:00:00-05:00,127.46021615246357,128.05568115554846,126.64452294477638,127.53363800048828,7812700,0.35,0,GS-1
2010-03-01 00:00:00-05:00,127.66412120640426,129.11605391283268,127.38678854258957,127.68859100341797,6522800,0.0,0,GS-1
2010-03-02 00:00:00-05:00,128.21056747549162,130.30690360482282,127.99033941678174,129.4912109375,11986400,0.0,0,GS-1
2010-03-03 00:00:00-05:00,129.7278007466009,130.06223784185283,128.25139850474065,128.65109252929688,10006000,0.0,0,GS-1
2010-03-04 00:00:00-05:00,129.08346506757618,133.65135253829575,128.96926850313278,133.45558166503906,15439500,0.0,0,GS-1
2010-03-05 00:00:00-05:00,134.6791359036917,137.24041264630384,134.58940913307657,136.36761474609375,12226700,0.0,0,GS-1
2010-03-08 00:00:00-05:00,136.93858646074864,139.2306824962508,136.5959967901585,138.53733825683594,9344500,0.0,0,GS-1
2010-03-09 00:00:00-05:00,138.03159985468534,140.46236202739016,137.03645318701282,137.72979736328125,12958700,0.0,0,GS-1
2010-03-10 00:00:00-05:00,138.87991887743942,140.5765622163431,137.74610583443294,140.2502899169922,13107200,0.0,0,GS-1
2010-03-11 00:00:00-05:00,139.8097560385622,141.57982055860631,139.56505812932636,141.53086853027344,8910600,0.0,0,GS-1
2010-03-12 00:00:00-05:00,142.7544435206427,143.83931682635685,141.93059797862915,142.7136688232422,10216900,0.0,0,GS-1
2010-03-15 00:00:00-04:00,141.8898155685686,142.90943196737476,138.97779760575258,141.54722595214844,13958600,0.0,0,GS-1
2010-03-16 00:00:00-04:00,142.1998053013565,143.90460120112715,141.57171801589158,143.7169952392578,11687700,0.0,0,GS-1
2010-03-17 00:00:00-04:00,144.26346835311764,145.0954787204839,143.2112298313065,144.08401489257812,10138600,0.0,0,GS-1
2010-03-18 00:00:00-04:00,143.72514966219964,144.9894767022063,143.28468077905418,144.74476623535156,6883500,0.0,0,GS-1
2010-03-19 00:00:00-04:00,145.11183166503906,145.36470704060673,143.52123223497213,145.11183166503906,10896600,0.0,0,GS-1
2010-03-22 00:00:00-04:00,143.7332767655227,144.3368816523548,142.93388862089887,143.69248962402344,7320400,0.0,0,GS-1
2010-03-23 00:00:00-04:00,143.76587213408953,144.22265816191472,141.35141569867463,142.6075897216797,10804800,0.0,0,GS-1
2010-03-24 00:00:00-04:00,141.6370035302645,143.52941821999985,141.6370035302645,142.2650909423828,8396100,0.0,0,GS-1
2010-03-25 00:00:00-04:00,142.94206374207104,145.78882470362953,142.5668394385204,142.6647186279297,9534300,0.0,0,GS-1
2010-03-26 00:00:00-04:00,143.05623208814131,143.13779391441363,140.22577658492284,141.0088348388672,11811500,0.0,0,GS-1
2010-03-29 00:00:00-04:00,141.82460426602077,142.28139056824597,140.00561151019775,141.971435546875,11785600,0.0,0,GS-1
2010-03-30 00:00:00-04:00,142.14264418427678,142.56680798896357,139.23877937181555,139.79345703125,8184600,0.0,0,GS-1
2010-03-31 00:00:00-04:00,138.66779588081565,140.02184911010266,138.54544692186823,139.1816864013672,8243200,0.0,0,GS-1
2010-04-01 00:00:00-04:00,140.07082977331825,140.29922286132683,138.25998997090056,138.8472900390625,6480600,0.0,0,GS-1
2010-04-05 00:00:00-04:00,139.2224493618308,141.416665115011,138.48017832926885,141.24537658691406,6135000,0.0,0,GS-1
2010-04-06 00:00:00-04:00,140.79671875141364,141.84080442138384,140.4214946294792,141.03326416015625,7743600,0.0,0,GS-1
2010-04-07 00:00:00-04:00,141.02516556606076,145.1117831107763,140.95990863095807,143.85562133789062,13887200,0.0,0,GS-1
2010-04-08 00:00:00-04:00,143.64354927821765,147.47730407573565,142.97467501131004,146.41690063476562,10668800,0.0,0,GS-1
2010-04-09 00:00:00-04:00,147.0531865817587,147.64048675129536,144.78556021190568,146.1069793701172,8462000,0.0,0,GS-1
2010-04-12 00:00:00-04:00,146.30278483567002,147.13479568032602,145.06292724609375,145.06292724609375,6040800,0.0,0,GS-1
2010-04-13 00:00:00-04:00,144.83447401876583,146.82476730027457,144.4674145898131,146.21299743652344,6466400,0.0,0,GS-1
2010-04-14 00:00:00-04:00,150.01407584036605,151.6699313390848,149.32889682982417,150.83792114257812,12556400,0.0,0,GS-1
2010-04-15 00:00:00-04:00,151.34373713418478,151.39268918973787,149.81024211548865,150.3078155517578,7838700,0.0,0,GS-1
2010-04-16 00:00:00-04:00,149.77758045296804,152.053371436596,126.88107894608756,131.08189392089844,102043700,0.0,0,GS-1
2010-04-19 00:00:00-04:00,126.9219009848909,133.553480018262,126.43247995485521,133.21905517578125,54299200,0.0,0,GS-1
2010-04-20 00:00:00-04:00,135.7640138379366,135.98425454476785,128.8795594313063,130.49462890625,42196600,0.0,0,GS-1
2010-04-21 00:00:00-04:00,131.87312654968215,133.07219662577253,128.06384055664003,129.63812255859375,30371000,0.0,0,GS-1
2010-04-22 00:00:00-04:00,128.8224379818939,132.1423157152285,127.48470145646361,129.73602294921875,24823000,0.0,0,GS-1
2010-04-23 00:00:00-04:00,130.66583510875012,131.09815130856273,128.06377301590658,128.39004516601562,14916000,0.0,0,GS-1
2010-04-26 00:00:00-04:00,127.83543733004477,128.05567797566866,123.593835244697,124.00983428955078,30940700,0.0,0,GS-1
2010-04-27 00:00:00-04:00,122.5578857154138,127.40310461966104,122.47631142852188,124.83366394042969,34516800,0.0,0,GS-1
2010-04-28 00:00:00-04:00,127.7864753515076,128.59400349989224,126.17955905796033,128.07196044921875,21226100,0.0,0,GS-1
2010-04-29 00:00:00-04:00,130.14380443014576,131.36734377775636,129.15681054661943,130.70663452148438,18464300,0.0,0,GS-1
2010-04-30 00:00:00-04:00,123.90377013207033,124.39319094388749,116.88881732378341,118.43862915039062,73187900,0.0,0,GS-1
2010-05-03 00:00:00-04:00,120.5920676519521,122.88416332350015,119.53166410860365,121.94612121582031,28282700,0.0,0,GS-1
2010-05-04 00:00:00-04:00,121.56274485533486,124.27085199200293,120.58391559920385,121.90533447265625,30313400,0.0,0,GS-1
2010-05-05 00:00:00-04:00,120.80414645935373,123.34910480882027,120.0700152417465,120.87755584716797,18355200,0.0,0,GS-1
2010-05-06 00:00:00-04:00,120.29842182990447,121.23647641681211,113.43028702600805,116.0894546508789,22984700,0.0,0,GS-1
2010-05-07 00:00:00-04:00,118.5854462236287,119.53980549096431,115.42055356353376,116.63594055175781,21268500,0.0,0,GS-1
2010-05-10 00:00:00-04:00,121.61165384328639,122.2723631137217,115.17583723475242,117.32111358642578,23098200,0.0,0,GS-1
2010-05-11 00:00:00-04:00,116.1547048034731,118.68335866075189,115.4613730626962,115.80396270751953,15497900,0.0,0,GS-1
2010-05-12 00:00:00-04:00,117.65558543789159,120.43708964372779,116.05682137383191,120.07003021240234,15457000,0.0,0,GS-1
2010-05-13 00:00:00-04:00,121.01624811199252,121.08965751554157,117.802414794053,117.99002075195312,11517900,0.0,0,GS-1
2010-05-14 00:00:00-04:00,116.97854203503124,117.5821469198153,115.7468375769681,116.83171081542969,10977400,0.0,0,GS-1
2010-05-17 00:00:00-04:00,117.02749831093611,117.70452512529017,112.99797212114845,116.35047149658203,16330100,0.0,0,GS-1
2010-05-18 00:00:00-04:00,117.20694866177082,117.25588825847518,111.42368731673639,112.04360961914062,18025300,0.0,0,GS-1
2010-05-19 00:00:00-04:00,112.52485505450136,114.30307239616049,111.01583036251014,114.27860260009766,18079900,0.0,0,GS-1
2010-05-20 00:00:00-04:00,112.72878670734544,113.78103780229743,110.73034105241915,111.01583862304688,16279200,0.0,0,GS-1
2010-05-21 00:00:00-04:00,111.81520327810388,117.01116395358362,111.13817656216497,114.70275115966797,25553400,0.0,0,GS-1
2010-05-24 00:00:00-04:00,115.82842954924897,116.60333556749877,111.35026958805219,111.49710083007812,16556800,0.0,0,GS-1
2010-05-25 00:00:00-04:00,109.89833100731785,116.79910030627113,109.46601464772684,116.28520965576172,21490900,0.0,0,GS-1
2010-05-26 00:00:00-04:00,117.69638076166045,118.92808561021772,113.94419905015765,114.4417724609375,17073900,0.0,0,GS-1
2010-05-27 00:00:00-04:00,116.87856383583899,118.61216616396115,115.33304906894324,118.53038787841797,12910200,0.35,0,GS-1
2010-05-28 00:00:00-04:00,118.09700391603417,119.22547950193608,117.01760279363681,117.9661636352539,10683700,0.0,0,GS-1
2010-06-01 00:00:00-04:00,117.96617075265736,119.7161190614235,115.87277604433338,116.00361633300781,9455200,0.0,0,GS-1
2010-06-02 00:00:00-04:00,116.11811037973766,118.57130989480254,115.41485935298101,118.43229675292969,7668400,0.0,0,GS-1
2010-06-03 00:00:00-04:00,118.49772177377696,118.77574806894846,116.52698175439006,117.78628540039062,7454900,0.0,0,GS-1
2010-06-04 00:00:00-04:00,116.25711250895641,119.28272246207342,115.88096227307734,116.3225326538086,14900400,0.0,0,GS-1
2010-06-07 00:00:00-04:00,116.34707312993362,117.15663345113425,112.72452121654977,113.40322875976562,12238600,0.0,0,GS-1
2010-06-08 00:00:00-04:00,113.77936125978705,114.22093155912785,110.43483651549066,112.66724395751953,14587000,0.0,0,GS-1
2010-06-09 00:00:00-04:00,113.32964271927483,114.00836278172751,111.3916190020186,111.86590576171875,8950600,0.0,0,GS-1
2010-06-10 00:00:00-04:00,112.52005644454316,112.65906954568216,107.36833647694883,109.38813781738281,21931000,0.0,0,GS-1
2010-06-11 00:00:00-04:00,109.02838123304844,111.25261678373082,108.75852774958847,110.91734313964844,9241800,0.0,0,GS-1
2010-06-14 00:00:00-04:00,112.11938806010438,112.11938806010438,109.08559270888284,109.1183090209961,10951400,0.0,0,GS-1
2010-06-15 00:00:00-04:00,110.0913795872213,112.35649063896659,109.00379337966086,111.94762420654297,10649300,0.0,0,GS-1
2010-06-16 00:00:00-04:00,111.26077329836988,113.05978377983097,110.97457417496584,112.07850646972656,7077700,0.0,0,GS-1
2010-06-17 00:00:00-04:00,111.98852225011585,113.15788682818877,110.57384777517348,112.29109191894531,8104300,0.0,0,GS-1
2010-06-18 00:00:00-04:00,112.69995948075491,114.25364707158298,112.45463710388353,112.99433135986328,10154900,0.0,0,GS-1
2010-06-21 00:00:00-04:00,114.19641260568008,114.60527912052694,112.2829203108246,112.63455200195312,8691000,0.0,0,GS-1
2010-06-22 00:00:00-04:00,112.47100260881449,112.64273204618684,110.0586925124231,110.22223663330078,9002200,0.0,0,GS-1
2010-06-23 00:00:00-04:00,109.49445892808147,111.5224460338436,108.53771268241285,110.45121765136719,8232200,0.0,0,GS-1
2010-06-24 00:00:00-04:00,109.69071645034926,111.1953423448445,108.84845236388634,110.37760925292969,9967900,0.0,0,GS-1
2010-06-25 00:00:00-04:00,112.0212368226768,115.2185630460422,110.74556299060902,114.20458221435547,14332300,0.0,0,GS-1
2010-06-28 00:00:00-04:00,114.79337181271521,114.79337181271521,111.64509451716282,111.75140380859375,9908100,0.0,0,GS-1
2010-06-29 00:00:00-04:00,110.37764053590551,111.08907701228448,108.89754521647318,109.3800048828125,10338100,0.0,0,GS-1
2010-06-30 00:00:00-04:00,109.31453802032482,109.82154094919291,107.1393777915716,107.34381103515625,9139800,0.0,0,GS-1
2010-07-01 00:00:00-04:00,107.68725868860288,109.37178663968162,105.89642145673847,107.23750305175781,11645300,0.0,0,GS-1
2010-07-02 00:00:00-04:00,108.03071005956001,108.25150146928152,106.05179764319361,107.18844604492188,6566400,0.0,0,GS-1
2010-07-06 00:00:00-04:00,109.36359681321383,109.89511817934537,107.18025158181648,108.1533432006836,7820100,0.0,0,GS-1
2010-07-07 00:00:00-04:00,108.30057805136525,111.31801530633697,107.99802078521512,111.07269287109375,9300400,0.0,0,GS-1
2010-07-08 00:00:00-04:00,111.96398649390956,112.16841971767384,109.21640346741302,110.77010345458984,9895700,0.0,0,GS-1
2010-07-09 00:00:00-04:00,110.68837811601037,113.25606013550106,110.05871999192064,112.89625549316406,6919900,0.0,0,GS-1
2010-07-12 00:00:00-04:00,112.52825588420652,113.100666576457,111.23623604877413,112.23387145996094,4728900,0.0,0,GS-1
2010-07-13 00:00:00-04:00,113.2560322263449,115.4639090594218,112.93711682242953,114.68706512451172,8983900,0.0,0,GS-1
2010-07-14 00:00:00-04:00,113.90201856861286,114.14734095226582,112.56093701260673,113.71394348144531,6068500,0.0,0,GS-1
2010-07-15 00:00:00-04:00,114.49901040106192,119.5934849321298,112.69999978991434,118.751220703125,21621900,0.0,0,GS-1
2010-07-16 00:00:00-04:00,123.86204148311677,124.29543905529754,119.42992929832751,119.5280532836914,29604600,0.0,0,GS-1
2010-07-19 00:00:00-04:00,120.75466638571926,120.77919738477723,117.83536519924925,119.12737274169922,10875900,0.0,0,GS-1
2010-07-20 00:00:00-04:00,116.26530773147918,122.43919627702103,115.75014426771568,121.76866149902344,20571400,0.0,0,GS-1
2010-07-21 00:00:00-04:00,122.70083885858944,123.45315171951631,120.09226859827106,120.19857788085938,11337000,0.0,0,GS-1
2010-07-22 00:00:00-04:00,121.74411055509539,122.56184367278922,117.88440924137112,119.83879089355469,13307300,0.0,0,GS-1
2010-07-23 00:00:00-04:00,119.92054012446425,121.35975819812516,118.2196664553266,120.51749420166016,7306900,0.0,0,GS-1
2010-07-26 00:00:00-04:00,120.52567987919387,121.84223065585509,118.74302772865283,121.18804168701172,6089000,0.0,0,GS-1
2010-07-27 00:00:00-04:00,121.91582043538169,122.38193427462822,120.20676131337726,120.39483642578125,7151200,0.0,0,GS-1
2010-07-28 00:00:00-04:00,120.20674856241368,121.55600299400697,120.02684630785257,120.37029266357422,4845600,0.0,0,GS-1
2010-07-29 00:00:00-04:00,121.24526454922855,125.23579274719737,120.72191597518605,124.76969146728516,15657700,0.0,0,GS-1
2010-07-30 00:00:00-04:00,123.76389523592333,125.44842322896272,123.31413958787509,123.33049774169922,8792400,0.0,0,GS-1
2010-08-02 00:00:00-04:00,124.9660244174872,125.63655931841305,123.97656151143167,124.90060424804688,6523100,0.0,0,GS-1
2010-08-03 00:00:00-04:00,124.39351353898337,125.89815142230132,123.81293021979653,125.26849365234375,5648500,0.0,0,GS-1
2010-08-04 00:00:00-04:00,125.62008449272543,128.58845797652913,125.11309424743374,127.90156555175781,12283700,0.0,0,GS-1
2010-08-05 00:00:00-04:00,127.26374800961788,127.74620732283611,126.25792777379002,127.50088500976562,5680200,0.0,0,GS-1
2010-08-06 00:00:00-04:00,126.37247191566928,127.61542976204123,125.7428263919668,126.89582061767578,8082600,0.0,0,GS-1
2010-08-09 00:00:00-04:00,127.50911164030194,127.72990306297689,126.4133523209197,127.07571411132812,4209800,0.0,0,GS-1
2010-08-10 00:00:00-04:00,125.94723464605335,126.56053436923371,125.26032947310406,125.8490982055664,5861700,0.0,0,GS-1
2010-08-11 00:00:00-04:00,124.06646306930699,124.29542733197236,121.76863512623325,122.04666137695312,7734400,0.0,0,GS-1
2010-08-12 00:00:00-04:00,120.86908806730389,123.14238434517326,120.86908806730389,122.18563842773438,4949300,0.0,0,GS-1
2010-08-13 00:00:00-04:00,122.15298327548709,123.02795126719302,121.08992767333986,121.08992767333984,4218700,0.0,0,GS-1
2010-08-16 00:00:00-04:00,120.68106871106399,121.98943436138131,120.20678195162769,120.82825469970703,3760100,0.0,0,GS-1
2010-08-17 00:00:00-04:00,121.5805280899404,122.48821215662574,121.1389577904569,121.5069351196289,4391600,0.0,0,GS-1
2010-08-18 00:00:00-04:00,121.46609140050107,122.61092543646609,120.80372946477102,122.00579833984375,4460600,0.0,0,GS-1
2010-08-19 00:00:00-04:00,121.57235829693487,122.38191842347838,119.6179770114948,120.24763488769531,5290900,0.0,0,GS-1
2010-08-20 00:00:00-04:00,120.56655998161614,121.81769051974268,120.4111887094435,121.22074890136719,5276800,0.0,0,GS-1
2010-08-23 00:00:00-04:00,121.12261134104959,121.43335388254228,119.87966613031024,119.99414825439453,3729200,0.0,0,GS-1
2010-08-24 00:00:00-04:00,118.4077244287578,118.97196211670867,117.60634969393595,117.712646484375,6372300,0.0,0,GS-1
2010-08-25 00:00:00-04:00,116.78048934441799,118.841180732409,116.73142734335484,118.30964660644531,5638400,0.0,0,GS-1
2010-08-26 00:00:00-04:00,118.52223123871926,118.70213350940894,115.84006781085745,115.96272277832031,6818100,0.0,0,GS-1
2010-08-27 00:00:00-04:00,115.4066738885076,115.90549156777493,113.05159861883665,114.2781982421875,11252000,0.0,0,GS-1
2010-08-30 00:00:00-04:00,113.81091693236914,114.86024224262425,112.02377655434611,112.031982421875,6205800,0.35,0,GS-1
2010-08-31 00:00:00-04:00,111.69583221526916,113.13865093919829,111.3187251860581,112.25328063964844,7064100,0.0,0,GS-1
2010-09-01 00:00:00-04:00,113.95850036536324,115.04881775360488,112.96656584896537,114.55695343017578,6897700,0.0,0,GS-1
2010-09-02 00:00:00-04:00,114.71266170156835,114.89301564229159,113.49938178947458,114.5896987915039,4992000,0.0,0,GS-1
2010-09-03 00:00:00-04:00,116.0981356575899,121.32018306804507,115.86040312663353,120.74632263183594,13588500,0.0,0,GS-1
2010-09-07 00:00:00-04:00,119.81171839518316,119.88550864167011,118.17214640204243,119.04113006591797,6211300,0.0,0,GS-1
2010-09-08 00:00:00-04:00,119.18048944625089,122.68917243024949,119.16409022419258,120.95121765136719,8310300,0.0,0,GS-1
2010-09-09 00:00:00-04:00,122.79576494265267,123.52537413384617,121.73824628692395,122.26290893554688,6729800,0.0,0,GS-1
2010-09-10 00:00:00-04:00,122.52525586972983,123.58277460620525,121.99238731299268,123.28765106201172,4417200,0.0,0,GS-1
2010-09-13 00:00:00-04:00,124.869832913851,126.82091545323092,124.85343368827557,126.55038452148438,7653600,0.0,0,GS-1
2010-09-14 00:00:00-04:00,125.86998713327003,126.04214776586237,124.79606904642,125.04200744628906,5688200,0.0,0,GS-1
2010-09-15 00:00:00-04:00,124.33696491738802,125.26332727755782,123.51717876047853,125.06657409667969,5698200,0.0,0,GS-1
2010-09-16 00:00:00-04:00,124.83701231000495,125.00096700983299,123.91885598381454,124.7960205078125,4388600,0.0,0,GS-1
2010-09-17 00:00:00-04:00,124.69769430684369,124.99281787452344,123.42702304297403,123.77133178710938,4835600,0.0,0,GS-1
2010-09-20 00:00:00-04:00,123.77133367877566,124.93542873881891,122.87776960231902,124.5255355834961,5640500,0.0,0,GS-1
2010-09-21 00:00:00-04:00,124.69770016524906,126.71438005729709,123.86151459938067,124.11564636230469,6876000,0.0,0,GS-1
2010-09-22 00:00:00-04:00,122.92694710803849,123.41882386730795,121.07423466482203,121.38575744628906,8986100,0.0,0,GS-1
2010-09-23 00:00:00-04:00,119.98391459709458,120.4020010763103,118.032819342864,118.79522705078125,9152400,0.0,0,GS-1
2010-09-24 00:00:00-04:00,119.89375732609403,121.00047393576,119.54125518919068,120.7381362915039,5623700,0.0,0,GS-1
2010-09-27 00:00:00-04:00,120.51680736615138,121.66451595727776,119.50847348617071,119.68882751464844,5205900,0.0,0,GS-1
2010-09-28 00:00:00-04:00,120.10687661638197,120.25444464312432,118.09840284526796,118.877197265625,5504800,0.0,0,GS-1
2010-09-29 00:00:00-04:00,118.88542388785469,118.88542388785469,116.85234466657552,118.39354705810547,6944900,0.0,0,GS-1
2010-09-30 00:00:00-04:00,119.07392097207499,120.49214730283585,118.29512674461404,118.52466583251953,6854400,0.0,0,GS-1
2010-10-01 00:00:00-04:00,119.03296983083332,121.73826715836402,118.7214595388012,121.08243560791016,7439800,0.0,0,GS-1
2010-10-04 00:00:00-04:00,121.08244752846362,121.71368655245368,118.62308835384778,120.15609741210938,5866700,0.0,0,GS-1
2010-10-05 00:00:00-04:00,120.96764688014878,123.19746629342801,119.7461734760497,122.61542510986328,8724700,0.0,0,GS-1
2010-10-06 00:00:00-04:00,122.76296086672838,124.87801037472072,122.25469751908996,123.65652465820312,6330600,0.0,0,GS-1
2010-10-07 00:00:00-04:00,124.69770076931285,124.90264735446331,122.99254367978727,123.87791442871094,4471500,0.0,0,GS-1
2010-10-08 00:00:00-04:00,123.91071221896142,125.75523166157284,123.47622641763991,125.14859771728516,5225100,0.0,0,GS-1
2010-10-11 00:00:00-04:00,125.15675436200621,125.50106305587946,124.00905871576205,124.77145385742188,4454400,0.0,0,GS-1
2010-10-12 00:00:00-04:00,124.03368401358637,127.43579254783914,123.79593895412478,127.23905181884766,6378000,0.0,0,GS-1
2010-10-13 00:00:00-04:00,128.1325904064889,128.4523065362196,126.56679570313939,126.84552001953125,5626200,0.0,0,GS-1
2010-10-14 00:00:00-04:00,126.43559694127842,126.48478210205104,123.41879033043018,124.2713623046875,6891100,0.0,0,GS-1
2010-10-15 00:00:00-04:00,125.17309515102482,125.17309515102482,123.50893098641357,123.53352355957031,6901500,0.0,0,GS-1
2010-10-18 00:00:00-04:00,123.73034048091762,126.55861322824543,123.66476858467043,126.00115203857422,6972300,0.0,0,GS-1
2010-10-19 00:00:00-04:00,127.18158914181443,130.91981099476257,126.33721063156257,128.4768524169922,14491200,0.0,0,GS-1
2010-10-20 00:00:00-04:00,128.05881573527873,131.3707466844163,126.95209929317349,130.837890625,10631200,0.0,0,GS-1
2010-10-21 00:00:00-04:00,130.8214427506652,132.39543026575484,129.60816305321,130.59190368652344,6350900,0.0,0,GS-1
2010-10-22 00:00:00-04:00,131.0756473303376,131.14942510437854,129.11635832969256,129.32949829101562,4051700,0.0,0,GS-1
2010-10-25 00:00:00-04:00,130.64111798004282,130.71489572948502,128.10798184431135,129.02613830566406,5728300,0.0,0,GS-1
2010-10-26 00:00:00-04:00,128.4768585441186,130.12462384476805,128.32109720799397,129.763916015625,4068500,0.0,0,GS-1
2010-10-27 00:00:00-04:00,128.86219713291024,131.64946526023772,128.7064357506343,131.28875732421875,6570900,0.0,0,GS-1
2010-10-28 00:00:00-04:00,131.87080431901822,134.27277180215924,131.52649562735354,133.8218994140625,9918800,0.0,0,GS-1
2010-10-29 00:00:00-04:00,132.92830534766392,134.11700514827655,131.94456457210745,132.09213256835938,4536600,0.0,0,GS-1
2010-11-01 00:00:00-04:00,132.61685089818903,133.59239872641714,131.3051876400936,132.45289611816406,4514400,0.0,0,GS-1
2010-11-02 00:00:00-04:00,132.85452418142052,133.6251250635861,132.6413843133727,133.47756958007812,3332400,0.0,0,GS-1
2010-11-03 00:00:00-04:00,133.7726189351932,133.7726189351932,131.63299035612644,133.32174682617188,4462800,0.0,0,GS-1
2010-11-04 00:00:00-04:00,134.1334393929351,136.4124444589613,133.37104408713256,136.4042510986328,8162600,0.0,0,GS-1
2010-11-05 00:00:00-04:00,136.07634373462122,140.33102447724687,136.01895268456354,140.24085998535156,11989300,0.0,0,GS-1
2010-11-08 00:00:00-05:00,139.32269501949588,140.6835434343255,138.62588409065975,138.70785522460938,5516100,0.0,0,GS-1
2010-11-09 00:00:00-05:00,139.6096143843501,140.06049936726336,136.0845306665008,136.53541564941406,7343900,0.0,0,GS-1
2010-11-10 00:00:00-05:00,136.3385714040027,138.25686713175176,135.73193793103871,137.08457946777344,6328100,0.0,0,GS-1
2010-11-11 00:00:00-05:00,135.9123429374272,138.45368505523507,135.9123429374272,137.48634338378906,3931500,0.0,0,GS-1
2010-11-12 00:00:00-05:00,136.4042229158056,137.82244951432864,134.97779044970247,135.9451446533203,4735600,0.0,0,GS-1
2010-11-15 00:00:00-05:00,135.8221023584786,138.83072718630666,135.27284738560712,137.08457946777344,5199000,0.0,0,GS-1
2010-11-16 00:00:00-05:00,135.92049676453885,136.9042372851593,134.9859413936085,135.34664916992188,5914100,0.0,0,GS-1
2010-11-17 00:00:00-05:00,135.3630773304911,135.86314735370098,134.4449208979523,135.17453002929688,3726300,0.0,0,GS-1
2010-11-18 00:00:00-05:00,135.83035996704731,138.48645890687627,135.7565822207061,137.1912078857422,4987500,0.0,0,GS-1
2010-11-19 00:00:00-05:00,137.31415189302092,137.51909838838364,135.83853462462108,136.63372802734375,4584500,0.0,0,GS-1
2010-11-22 00:00:00-05:00,134.69090174517902,134.75648615519648,129.89514652508262,132.02659606933594,11364000,0.0,0,GS-1
2010-11-23 00:00:00-05:00,130.42802557751014,131.90363113938412,129.2475311208524,129.3459014892578,7315000,0.0,0,GS-1
2010-11-24 00:00:00-05:00,130.3131944052932,131.7396141089836,129.97707912679098,131.37890625,4258200,0.0,0,GS-1
2010-11-26 00:00:00-05:00,129.90329611355878,130.63290515909637,129.5835800713331,129.70654296875,1876900,0.0,0,GS-1
2010-11-29 00:00:00-05:00,129.1081344556447,131.16579333537322,128.70643471033497,130.57554626464844,4819900,0.0,0,GS-1
2010-11-30 00:00:00-05:00,129.86903456114862,130.9042358173838,128.28335571289062,128.28335571289062,5416900,0.35,0,GS-1
2010-12-01 00:00:00-05:00,130.18121337890625,130.79740720607353,128.98990782034863,130.18121337890625,6024000,0.0,0,GS-1
2010-12-02 00:00:00-05:00,130.76452350905882,134.12483018141526,130.50160817663829,133.50863647460938,7208600,0.0,0,GS-1
2010-12-03 00:00:00-05:00,132.5309625750804,133.50865875890793,132.23518904498547,133.35255432128906,4658000,0.0,0,GS-1
2010-12-06 00:00:00-05:00,132.81851397416668,134.07554824142576,132.67884489297057,133.6318817138672,3686300,0.0,0,GS-1
2010-12-07 00:00:00-05:00,135.16828735486348,135.37368530624423,132.6377830894731,132.76101684570312,5527700,0.0,0,GS-1
2010-12-08 00:00:00-05:00,133.06496021038384,136.49920654296875,133.00744278987605,136.49920654296875,5259500,0.0,0,GS-1
2010-12-09 00:00:00-05:00,137.2057994033442,137.82199311323947,136.1788098868521,136.75392150878906,5746400,0.0,0,GS-1
2010-12-10 00:00:00-05:00,136.72103679510573,138.41351318359375,136.30201713043783,138.41351318359375,4543600,0.0,0,GS-1
2010-12-13 00:00:00-05:00,138.2327929643908,140.4264411314227,137.94523087676197,139.24334716796875,5325200,0.0,0,GS-1
2010-12-14 00:00:00-05:00,139.39946558517693,139.6623809530136,137.07435951391219,137.47694396972656,4892700,0.0,0,GS-1
2010-12-15 00:00:00-05:00,136.90994620961635,137.44397543267326,135.65291277621773,135.73507690429688,4358100,0.0,0,GS-1
2010-12-16 00:00:00-05:00,136.12946553964403,136.31021662993976,134.09192261034218,135.11891174316406,4164400,0.0,0,GS-1
2010-12-17 00:00:00-05:00,134.67526252970325,135.56258275758626,134.01798689388363,134.7738494873047,5343000,0.0,0,GS-1
2010-12-20 00:00:00-05:00,134.527373165565,137.12359232319827,134.45342041578166,136.4252471923828,3719100,0.0,0,GS-1
2010-12-21 00:00:00-05:00,136.82784742451452,138.75038112590588,136.79498927948273,138.21633911132812,4546900,0.0,0,GS-1
2010-12-22 00:00:00-05:00,138.57784753096138,139.40765049707767,137.94521851675816,139.34193420410156,3858500,0.0,0,GS-1
2010-12-23 00:00:00-05:00,138.93116381579608,139.42411132217083,137.34548528921204,137.6987762451172,2494000,0.0,0,GS-1
2010-12-27 00:00:00-05:00,137.03329858990608,139.67061393377293,136.7211022129895,139.53094482421875,2715000,0.0,0,GS-1
2010-12-28 00:00:00-05:00,139.67055301768502,140.68110703812485,138.70929248070695,139.00506591796875,2862900,0.0,0,GS-1
2010-12-29 00:00:00-05:00,139.1775811966949,139.48978994721642,136.85248851583128,137.72337341308594,3329800,0.0,0,GS-1
2010-12-30 00:00:00-05:00,138.10131156632568,138.23276921445543,137.19756844253905,137.73159790039062,1745400,0.0,0,GS-1
2010-12-31 00:00:00-05:00,137.68234978260264,138.68469274100283,137.21403645801604,138.15887451171875,1636300,0.0,0,GS-1
2011-01-03 00:00:00-05:00,140.12241314021801,142.34070737117213,139.5473016783395,142.1763916015625,5717100,0.0,0,GS-1
2011-01-04 00:00:00-05:00,142.8501321916149,142.95694311481535,141.31375986062204,142.20108032226562,3335500,0.0,0,GS-1
2011-01-05 00:00:00-05:00,141.35480839445458,143.35949349453693,141.31372631555317,142.9569091796875,4140600,0.0,0,GS-1
2011-01-06 00:00:00-05:00,143.37594829369183,143.44167712730456,141.29732250960035,141.48629760742188,5375200,0.0,0,GS-1
2011-01-07 00:00:00-05:00,141.88880538697356,142.0449097292326,139.14469363969775,140.23741149902344,4916100,0.0,0,GS-1
2011-01-10 00:00:00-05:00,139.67055989313096,140.73040744920476,139.0132841628061,139.47337341308594,3650300,0.0,0,GS-1
2011-01-11 00:00:00-05:00,140.0813740964758,140.84544830130335,138.2903103454864,139.14476013183594,4572300,0.0,0,GS-1
2011-01-12 00:00:00-05:00,139.16940515061196,141.56845119628915,138.99686539294126,141.04263305664062,5592900,0.0,0,GS-1
2011-01-13 00:00:00-05:00,141.34663156330518,141.80673344925265,140.49218170524898,140.9604949951172,3183800,0.0,0,GS-1
2011-01-14 00:00:00-05:00,140.64824200653604,143.77850341796875,140.64824200653604,143.77850341796875,5885100,0.0,0,GS-1
2011-01-18 00:00:00-05:00,143.5730661091344,144.0578019215757,142.17636353840308,143.5155487060547,4981200,0.0,0,GS-1
2011-01-19 00:00:00-05:00,139.2268237905627,140.89465260646404,136.26909101845544,136.7866973876953,13372700,0.0,0,GS-1
2011-01-20 00:00:00-05:00,136.83602453948197,137.2550315618398,134.74917575404297,136.12945556640625,8914900,0.0,0,GS-1
2011-01-21 00:00:00-05:00,136.28558969441542,139.01326670851677,135.66117218758637,136.54849243164062,5876500,0.0,0,GS-1
2011-01-24 00:00:00-05:00,136.37598489673923,137.26330526860602,136.17879841304926,136.63067626953125,4624300,0.0,0,GS-1
2011-01-25 00:00:00-05:00,133.9605146809357,135.39007606072104,131.55324474172772,133.08140563964844,11259800,0.0,0,GS-1
2011-01-26 00:00:00-05:00,132.85130387814303,133.78791741056975,132.30905063924132,132.5308837890625,6738000,0.0,0,GS-1
2011-01-27 00:00:00-05:00,132.383015155067,134.94637609571095,132.3665798182327,134.765625,6036000,0.0,0,GS-1
2011-01-28 00:00:00-05:00,134.87246241855962,135.6365364890745,132.62129721595605,132.9088592529297,4570000,0.0,0,GS-1
2011-01-31 00:00:00-05:00,132.5885056809882,134.51102773051468,132.46525937330208,134.42886352539062,3792800,0.0,0,GS-1
2011-02-01 00:00:00-05:00,134.62598446076512,136.58958765552626,134.4205865845914,135.83372497558594,4138400,0.0,0,GS-1
2011-02-02 00:00:00-05:00,135.68581983410795,136.90999557960637,134.9053104818464,135.60366821289062,2986200,0.0,0,GS-1
2011-02-03 00:00:00-05:00,135.55437720628044,135.55437720628044,132.96635662915,135.26681518554688,4710400,0.0,0,GS-1
2011-02-04 00:00:00-05:00,135.46404046539968,135.54619211165803,133.72225757570078,135.42295837402344,3354500,0.0,0,GS-1
2011-02-07 00:00:00-05:00,135.39005791295594,138.1095363115014,135.2339660584427,137.31259155273438,5036700,0.0,0,GS-1
2011-02-08 00:00:00-05:00,137.22224431155865,138.61894764405318,136.59782661864784,138.47927856445312,4718700,0.0,0,GS-1
2011-02-09 00:00:00-05:00,138.21632908047425,138.21632908047425,135.28325406019513,136.39239501953125,5663900,0.0,0,GS-1
2011-02-10 00:00:00-05:00,135.6857688498515,136.91815553345228,135.29962001940441,135.8418731689453,4265800,0.0,0,GS-1
2011-02-11 00:00:00-05:00,135.65296809232706,137.77267558898043,135.40648814406674,136.9264373779297,4257100,0.0,0,GS-1
2011-02-14 00:00:00-05:00,136.5074219903807,137.8630554801251,135.98160393461384,137.6330108642578,3547200,0.0,0,GS-1
2011-02-15 00:00:00-05:00,137.46870941032734,138.3888879697706,137.0579136196484,137.9534454345703,4025900,0.0,0,GS-1
2011-02-16 00:00:00-05:00,138.48748843719284,139.58841825469003,138.02739911265633,138.69288635253906,4606300,0.0,0,GS-1
2011-02-17 00:00:00-05:00,138.47102221210966,138.59426845572747,137.20577685180774,137.3372344970703,4448100,0.0,0,GS-1
2011-02-18 00:00:00-05:00,137.23868046642284,138.27389409525108,137.08258856450774,138.06027221679688,3728100,0.0,0,GS-1
2011-02-22 00:00:00-05:00,136.1130739225842,136.18701415513962,133.385396428658,133.87013244628906,5448200,0.0,0,GS-1
2011-02-23 00:00:00-05:00,133.61543733547387,135.3982894885543,132.9088681034081,133.9933624267578,4560400,0.0,0,GS-1
2011-02-24 00:00:00-05:00,133.26215149518336,134.65885467101813,132.53915943108225,134.2809295654297,4619300,0.0,0,GS-1
2011-02-25 00:00:00-05:00,134.78215804049594,136.28567277026886,134.34671532240029,135.6612548828125,4636200,0.0,0,GS-1
2011-02-28 00:00:00-05:00,136.28697009455357,136.87977372868423,134.29449609882988,134.84613037109375,4235200,0.35,0,GS-1
2011-03-01 00:00:00-05:00,134.65668672502187,135.43062504303668,132.80417960501026,132.81240844726562,7015500,0.0,0,GS-1
2011-03-02 00:00:00-05:00,133.03469189637718,134.47553054089013,132.64772279823012,133.12525939941406,4658400,0.0,0,GS-1
2011-03-03 00:00:00-05:00,133.9651407729226,135.9987711794215,133.94867051869295,135.43067932128906,4581200,0.0,0,GS-1
2011-03-04 00:00:00-05:00,134.10509761249335,134.20389400505871,132.0302854267655,132.55722045898438,7810800,0.0,0,GS-1
2011-03-07 00:00:00-05:00,132.89477602974696,133.24880477050584,130.49886328488807,131.03402709960938,7004100,0.0,0,GS-1
2011-03-08 00:00:00-05:00,131.2645964432513,133.19944319096751,130.94349555353713,132.8042449951172,4845900,0.0,0,GS-1
2011-03-09 00:00:00-05:00,133.2570785099207,134.79671444904352,133.03477403555243,133.6687469482422,4125200,0.0,0,GS-1
2011-03-10 00:00:00-05:00,132.39257482335492,132.55723968922607,131.72567395054622,131.95620727539062,4563400,0.0,0,GS-1
2011-03-11 00:00:00-05:00,131.61043402059775,133.01010450948695,131.60219260959965,132.29379272460938,2883900,0.0,0,GS-1
2011-03-14 00:00:00-04:00,131.68445415761747,132.1455206307159,130.103649437086,130.4412078857422,4376100,0.0,0,GS-1
2011-03-15 00:00:00-04:00,128.48989307541632,130.12833724455797,127.49366293881911,129.46966552734375,5243600,0.0,0,GS-1
2011-03-16 00:00:00-04:00,129.4532219577623,129.46146336491367,126.18457435131674,127.10671997070312,7223400,0.0,0,GS-1
2011-03-17 00:00:00-04:00,128.38289001536813,128.728702496806,126.75268681098468,128.2346954345703,5293900,0.0,0,GS-1
2011-03-18 00:00:00-04:00,128.93454613931794,131.93972039290904,127.81480760412936,131.70095825195312,10170600,0.0,0,GS-1
2011-03-21 00:00:00-04:00,133.06766391481156,133.50403132954634,131.6515238870654,131.90676879882812,4663300,0.0,0,GS-1
2011-03-22 00:00:00-04:00,132.26081237654276,133.5534570785302,131.83267375741755,132.38430786132812,3538900,0.0,0,GS-1
2011-03-23 00:00:00-04:00,131.75039400991827,131.92328774949195,130.28485511322987,131.34695434570312,3603300,0.0,0,GS-1
2011-03-24 00:00:00-04:00,132.02204493856024,132.14554041837573,130.7705696362388,131.65977478027344,2734400,0.0,0,GS-1
2011-03-25 00:00:00-04:00,132.15381621060465,132.15381621060465,129.84024127060408,130.0625457763672,4020700,0.0,0,GS-1
2011-03-28 00:00:00-04:00,130.25186841754453,131.1493024397777,128.77810119585527,128.82749938964844,3686800,0.0,0,GS-1
2011-03-29 00:00:00-04:00,128.93454635165727,130.66354607295023,128.05356995597373,130.47418212890625,3769400,0.0,0,GS-1
2011-03-30 00:00:00-04:00,130.9352449188096,132.0879113661974,129.65084157368543,130.9681854248047,2967200,0.0,0,GS-1
2011-03-31 00:00:00-04:00,129.57673548380137,131.79151324454944,129.52733729128406,130.58120727539062,3317700,0.0,0,GS-1
2011-04-01 00:00:00-04:00,131.54448997889034,133.38052704961598,131.4539224518257,131.9232177734375,3787900,0.0,0,GS-1
2011-04-04 00:00:00-04:00,132.3596389881604,132.4584479616729,130.5812407855533,130.82823181152344,2816800,0.0,0,GS-1
2011-04-05 00:00:00-04:00,130.46589638235005,131.0339879667145,129.77428423235008,130.83639526367188,3173700,0.0,0,GS-1
2011-04-06 00:00:00-04:00,131.64327448472034,133.37228618626517,130.7870100394688,133.28994750976562,4198700,0.0,0,GS-1
2011-04-07 00:00:00-04:00,133.3722956797845,135.356527268233,133.0264958274849,133.70985412597656,4589200,0.0,0,GS-1
2011-04-08 00:00:00-04:00,134.60736401194993,134.7143892737445,132.40905583797726,132.52432250976562,3280800,0.0,0,GS-1
2011-04-11 00:00:00-04:00,132.17848882561404,134.12980565069495,132.17848882561404,132.94419860839844,3126900,0.0,0,GS-1
2011-04-12 00:00:00-04:00,131.93973089762144,132.9195037643088,131.2810589015765,132.07969665527344,3328100,0.0,0,GS-1
2011-04-13 00:00:00-04:00,133.79221638843694,135.01075121079305,131.59390886365995,131.87384033203125,5145000,0.0,0,GS-1
2011-04-14 00:00:00-04:00,129.68376408491437,129.75787393873836,127.82302759403098,128.2676239013672,7982300,0.0,0,GS-1
2011-04-15 00:00:00-04:00,128.58877516793666,129.22274821770736,127.31261278370056,127.72428131103516,5608300,0.0,0,GS-1
2011-04-18 00:00:00-04:00,126.835059315348,127.51843048956538,124.75201784256033,126.61275482177734,5992900,0.0,0,GS-1
2011-04-19 00:00:00-04:00,128.51464021997506,128.52288162850965,123.13002298679248,125.03192901611328,13463800,0.0,0,GS-1
2011-04-20 00:00:00-04:00,126.11047234078917,126.91733873479141,124.73550165193632,125.72350311279297,7181300,0.0,0,GS-1
2011-04-21 00:00:00-04:00,126.04460386451665,127.06554582620251,125.72350307575482,126.3904037475586,3977500,0.0,0,GS-1
2011-04-25 00:00:00-04:00,125.62473550594892,125.63296435155588,124.47205640169861,125.30363464355469,3711600,0.0,0,GS-1
2011-04-26 00:00:00-04:00,125.05664684185146,126.752718921747,124.96607927626846,126.19285583496094,4400000,0.0,0,GS-1
2011-04-27 00:00:00-04:00,126.46452883992995,126.67036302582625,125.14718502494502,125.85525512695312,4207000,0.0,0,GS-1
2011-04-28 00:00:00-04:00,125.60000309268081,125.64117243604224,123.66515702277127,123.99449920654297,5906700,0.0,0,GS-1
2011-04-29 00:00:00-04:00,123.7309991666259,125.04010109074427,123.20406434768483,124.33203125,6075500,0.0,0,GS-1
2011-05-02 00:00:00-04:00,125.31181387120077,126.02812517531639,124.38145216107428,124.57081604003906,4362700,0.0,0,GS-1
2011-05-03 00:00:00-04:00,124.29911750134123,125.80582486563011,124.06034287121494,125.04011535644531,3557400,0.0,0,GS-1
2011-05-04 00:00:00-04:00,125.35299293354542,125.52589914122615,124.2826528786319,124.75196075439453,3768000,0.0,0,GS-1
2011-05-05 00:00:00-04:00,124.21682452817149,124.50499744625516,123.45935614601007,123.83809661865234,4100200,0.0,0,GS-1
2011-05-06 00:00:00-04:00,124.71088418087888,125.12255277259945,123.11360803490254,123.58291625976562,5429300,0.0,0,GS-1
2011-05-09 00:00:00-04:00,123.25352259315953,123.39348834856393,122.5125244614602,122.77598571777344,3152400,0.0,0,GS-1
2011-05-10 00:00:00-04:00,122.69366812501353,124.10980859540115,122.28199967578746,123.82986450195312,4033800,0.0,0,GS-1
2011-05-11 00:00:00-04:00,123.50050518683246,123.50050518683246,121.56565891365699,121.75503540039062,5310500,0.0,0,GS-1
2011-05-12 00:00:00-04:00,120.19894980796695,120.84938038386657,115.81056294269409,117.53133392333984,20659200,0.0,0,GS-1
2011-05-13 00:00:00-04:00,117.23491249563075,117.34195028708983,114.64963575386732,116.4692153930664,14256700,0.0,0,GS-1
2011-05-16 00:00:00-04:00,115.99992395399198,118.05826600198185,115.48121773769923,115.76116180419922,6458800,0.0,0,GS-1
2011-05-17 00:00:00-04:00,115.48120616646939,116.87264726158764,114.5096748474647,115.93404388427734,7071400,0.0,0,GS-1
2011-05-18 00:00:00-04:00,116.03289859793084,116.76568072253083,115.44010740760628,115.95880126953125,4768900,0.0,0,GS-1
2011-05-19 00:00:00-04:00,116.27981464604639,116.33745423345901,113.97446984879186,114.72370910644531,7331500,0.0,0,GS-1
2011-05-20 00:00:00-04:00,113.76867634805542,114.97075363927138,110.97756501628723,111.14224243164062,11284500,0.0,0,GS-1
2011-05-23 00:00:00-04:00,110.03073302693508,112.95358127459097,110.03073302693508,111.84207153320312,8406500,0.0,0,GS-1
2011-05-24 00:00:00-04:00,112.1961266100184,112.5995536640287,111.17518429735811,112.25375366210938,6605300,0.0,0,GS-1
2011-05-25 00:00:00-04:00,111.70210920040094,113.2829144486256,111.57037228893472,112.17141723632812,6528800,0.0,0,GS-1
2011-05-26 00:00:00-04:00,112.13847563979192,112.5501440617905,111.43040545142941,112.18787384033203,5332300,0.0,0,GS-1
2011-05-27 00:00:00-04:00,112.46852359004765,114.70551774804956,112.4520109222372,114.45787811279297,5275700,0.35,0,GS-1
2011-05-31 00:00:00-04:00,116.24085801279963,117.46253081692277,115.46492643603429,116.16655731201172,7023200,0.0,0,GS-1
2011-06-01 00:00:00-04:00,115.5226997707994,115.56397513815777,112.34469801178429,112.40247344970703,6768100,0.0,0,GS-1
2011-06-02 00:00:00-04:00,112.79871302429531,112.86475110688309,108.54761379595237,110.92493438720703,12423400,0.0,0,GS-1
2011-06-03 00:00:00-04:00,109.7692997894172,113.2279676258297,109.69501166104256,111.7091293334961,5457600,0.0,0,GS-1
2011-06-06 00:00:00-04:00,111.23033000693997,111.61829580198615,109.90134374199911,110.5286865234375,5287800,0.0,0,GS-1
2011-06-07 00:00:00-04:00,110.9249346661127,112.0640569560561,109.77754974365234,109.77754974365234,6191500,0.0,0,GS-1
2011-06-08 00:00:00-04:00,109.48036187925595,111.34589009568137,108.54759147330634,108.62187957763672,6795100,0.0,0,GS-1
2011-06-09 00:00:00-04:00,108.95206088675964,111.51923235243878,108.81998475969904,110.22325897216797,4498100,0.0,0,GS-1
2011-06-10 00:00:00-04:00,109.95910974487667,113.29394979238639,109.38954251753019,112.19609069824219,7556800,0.0,0,GS-1
2011-06-13 00:00:00-04:00,112.36948104451167,113.88831911250821,112.19612950843089,113.52511596679688,5272900,0.0,0,GS-1
2011-06-14 00:00:00-04:00,114.07816120870604,114.69725399304649,112.70789948978518,113.170166015625,5849900,0.0,0,GS-1
2011-06-15 00:00:00-04:00,112.31995541403428,113.57464115707724,110.61950318101971,111.31289672851562,5715200,0.0,0,GS-1
2011-06-16 00:00:00-04:00,111.1312808634958,112.99680916461827,110.73505243146367,112.33644104003906,5230700,0.0,0,GS-1
2011-06-17 00:00:00-04:00,113.77271443039085,114.56514592007548,113.26093523515821,113.27743530273438,6758300,0.0,0,GS-1
2011-06-20 00:00:00-04:00,112.60885303380246,112.86474271262573,110.90841346893461,111.5522689819336,4019900,0.0,0,GS-1
2011-06-21 00:00:00-04:00,111.84941786308504,113.24444213805538,110.85887203210078,112.22913360595703,4213300,0.0,0,GS-1
2011-06-22 00:00:00-04:00,111.92370633675147,113.73145909690273,110.96617323892657,111.04047393798828,4224400,0.0,0,GS-1
2011-06-23 00:00:00-04:00,109.86832712475625,110.47090718272078,108.66315441335347,109.25748443603516,6706600,0.0,0,GS-1
2011-06-24 00:00:00-04:00,109.6289096721106,110.15720149176084,107.98625878992509,108.060546875,5774800,0.0,0,GS-1
2011-06-27 00:00:00-04:00,107.92849766075106,108.84475539136491,107.14431606682312,107.8954849243164,5831800,0.0,0,GS-1
2011-06-28 00:00:00-04:00,108.41553787497442,108.41553787497442,105.90615370836836,106.6985855102539,8056000,0.0,0,GS-1
2011-06-29 00:00:00-04:00,107.08656718157187,109.97566760151383,106.89671553785246,109.3978500366211,8170800,0.0,0,GS-1
2011-06-30 00:00:00-04:00,109.8270641639625,110.446156957902,108.54760320405917,109.86007690429688,4980900,0.0,0,GS-1
2011-07-01 00:00:00-04:00,110.14073322327289,112.85649409668483,109.86008083622305,112.7987060546875,5103500,0.0,0,GS-1
2011-07-05 00:00:00-04:00,112.17959095445568,112.30341705036275,109.78577091259584,111.02395629882812,4458300,0.0,0,GS-1
2011-07-06 00:00:00-04:00,110.42962312629854,110.97442770346822,109.63719155539057,110.52042388916016,3029100,0.0,0,GS-1
2011-07-07 00:00:00-04:00,111.51097672734673,112.42723444874497,111.20556168537182,111.44493865966797,3857500,0.0,0,GS-1
2011-07-08 00:00:00-04:00,110.04993382263874,110.94141630296996,109.92610771475019,110.67727661132812,4141600,0.0,0,GS-1
2011-07-11 00:00:00-04:00,109.5794325873494,110.14073738264631,108.19267067275045,108.97685241699219,4722900,0.0,0,GS-1
2011-07-12 00:00:00-04:00,108.48155007006618,109.50512121500644,107.39195345362187,107.56529235839844,4330900,0.0,0,GS-1
2011-07-13 00:00:00-04:00,107.92027386280753,108.77049373178167,107.0617913611107,107.24339294433594,4410500,0.0,0,GS-1
2011-07-14 00:00:00-04:00,108.71266466649719,109.12539309165129,107.10302632749057,107.21858978271484,5357200,0.0,0,GS-1
2011-07-15 00:00:00-04:00,108.3907607207599,108.555849607858,106.63253321425219,107.44149017333984,5255100,0.0,0,GS-1
2011-07-18 00:00:00-04:00,106.96271953557529,107.4414861068716,105.24576746469435,106.75635528564453,5836500,0.0,0,GS-1
2011-07-19 00:00:00-04:00,103.78470997006718,107.2516205061031,103.59485209164394,106.06297302246094,15297700,0.0,0,GS-1
2011-07-20 00:00:00-04:00,105.65850841572505,110.44616209740774,105.31181794644304,109.57942962646484,8578300,0.0,0,GS-1
2011-07-21 00:00:00-04:00,110.21501180494617,112.24562878057357,109.99213490916699,111.91545104980469,7671000,0.0,0,GS-1
2011-07-22 00:00:00-04:00,111.4614479066164,112.65010789742736,110.97443134233148,111.8411636352539,4925500,0.0,0,GS-1
2011-07-25 00:00:00-04:00,110.75158959382314,113.1949484165339,110.198534788365,112.96382141113281,5856700,0.0,0,GS-1
2011-07-26 00:00:00-04:00,112.76567879577502,114.94488472406765,112.2786621993911,113.5828857421875,5464700,0.0,0,GS-1
2011-07-27 00:00:00-04:00,112.91424032814069,113.29395603244305,110.97442423022379,111.20555114746094,5250000,0.0,0,GS-1
2011-07-28 00:00:00-04:00,111.41193758323942,114.02038484990311,111.14778528487987,112.13008117675781,4429700,0.0,0,GS-1
2011-07-29 00:00:00-04:00,110.69379790937255,112.75744058034911,109.89310354539563,111.41194152832031,5340300,0.0,0,GS-1
2011-08-01 00:00:00-04:00,113.02157348455633,113.36826392093992,110.40487624683593,110.73505401611328,5880700,0.0,0,GS-1
2011-08-02 00:00:00-04:00,109.02637348105019,111.23859242673092,108.28345454601929,108.3247299194336,7594500,0.0,0,GS-1
2011-08-03 00:00:00-04:00,108.42377190150188,110.00864768260361,107.89547997446796,109.02635192871094,6499400,0.0,0,GS-1
2011-08-04 00:00:00-04:00,108.00281584578707,108.86954841541855,104.18095131870447,104.19746398925781,8193300,0.0,0,GS-1
2011-08-05 00:00:00-04:00,105.45213568193701,106.67380856075609,100.99466645618634,103.3307113647461,11167300,0.0,0,GS-1
2011-08-08 00:00:00-04:00,100.77181009678877,103.54534661671788,92.54200132706222,97.123291015625,17378000,0.0,0,GS-1
2011-08-09 00:00:00-04:00,99.47584138619997,101.6550477250021,92.12101526943913,101.30835723876953,15913400,0.0,0,GS-1
2011-08-10 00:00:00-04:00,98.70814415417297,98.7824322571821,90.83328405063128,91.08091735839844,18592000,0.0,0,GS-1
2011-08-11 00:00:00-04:00,93.22711082678728,98.84847069398356,92.6575435106443,97.48646545410156,11842200,0.0,0,GS-1
2011-08-12 00:00:00-04:00,98.9062634383566,99.78124589572025,95.16694401103462,96.14098358154297,9607900,0.0,0,GS-1
2011-08-15 00:00:00-04:00,97.04896681143067,98.80718772911345,95.75299973928259,98.33667755126953,7257200,0.0,0,GS-1
2011-08-16 00:00:00-04:00,97.07374096588954,98.87323745973315,95.34028254283987,96.47116088867188,7413100,0.0,0,GS-1
2011-08-17 00:00:00-04:00,96.87563659165546,98.02302134824969,96.20701841920861,96.78483581542969,4828600,0.0,0,GS-1
2011-08-18 00:00:00-04:00,92.57499605707434,94.5148185850811,92.48419529085928,93.39219665527344,9284600,0.0,0,GS-1
2011-08-19 00:00:00-04:00,92.3439059660156,95.175224620419,91.71655668489491,92.25310516357422,6829000,0.0,0,GS-1
2011-08-22 00:00:00-04:00,94.24245595937865,94.5066020365456,86.75555869652528,87.9194564819336,11286600,0.0,0,GS-1
2011-08-23 00:00:00-04:00,87.5149184411836,89.80969340652979,85.15411802243372,88.20830535888672,24482500,0.0,0,GS-1
2011-08-24 00:00:00-04:00,88.24137704876924,91.41112971369947,87.82039210811051,91.05618286132812,10169800,0.0,0,GS-1
2011-08-25 00:00:00-04:00,94.52310267614355,97.48649090531947,89.24017550757682,90.668212890625,11939500,0.0,0,GS-1
2011-08-26 00:00:00-04:00,89.66936928781075,92.92992740358024,88.91820687990244,92.24479675292969,7355700,0.0,0,GS-1
2011-08-29 00:00:00-04:00,93.81320905482093,96.19877978310339,92.72360583739689,95.8108139038086,5177900,0.0,0,GS-1
2011-08-30 00:00:00-04:00,95.48791809451491,96.0426456525136,93.76577258747555,95.36372375488281,5298800,0.35,0,GS-1
2011-08-31 00:00:00-04:00,95.54584788456323,97.532937812486,94.94143896970584,96.22476959228516,6488100,0.0,0,GS-1
2011-09-01 00:00:00-04:00,95.67004352246416,95.67004352246416,92.399622926394,92.86328125,9855500,0.0,0,GS-1
2011-09-02 00:00:00-04:00,89.89920964956464,90.44565577879968,87.59749949234428,88.64071655273438,8380900,0.0,0,GS-1
2011-09-06 00:00:00-04:00,85.8339379295186,87.43188843906181,85.63523085798532,86.57081604003906,7749300,0.0,0,GS-1
2011-09-07 00:00:00-04:00,87.76308440502129,90.07307578086575,86.93513077855883,89.70049285888672,6526400,0.0,0,GS-1
2011-09-08 00:00:00-04:00,88.69866943374707,89.41899136041518,86.71986077842881,86.76126098632812,6508800,0.0,0,GS-1
2011-09-09 00:00:00-04:00,86.4217954441082,87.61405066258735,84.6334189331742,84.65825653076172,8613700,0.0,0,GS-1
2011-09-12 00:00:00-04:00,83.44944330071083,85.27921998112667,82.61320840404086,85.21298217773438,8769600,0.0,0,GS-1
2011-09-13 00:00:00-04:00,85.61870676130619,87.08418222967933,84.03731194776859,86.18170928955078,7119200,0.0,0,GS-1
2011-09-14 00:00:00-04:00,86.86062063788803,87.66373037399292,85.71804055572088,86.55427551269531,6602200,0.0,0,GS-1
2011-09-15 00:00:00-04:00,87.07586977890696,89.57629293512035,87.01791328544687,89.3941421508789,6354500,0.0,0,GS-1
2011-09-16 00:00:00-04:00,90.30489513930625,90.7933910276948,87.68856515697034,88.9967269897461,7999300,0.0,0,GS-1
2011-09-19 00:00:00-04:00,87.20008255330363,87.43190857628369,85.48621866423208,86.77782440185547,5821600,0.0,0,GS-1
2011-09-20 00:00:00-04:00,86.9351381759851,87.15868289476634,84.8900915339215,84.95632934570312,4978100,0.0,0,GS-1
2011-09-21 00:00:00-04:00,85.12189630232974,85.13845890953195,80.9076160694542,81.02352905273438,8586100,0.0,0,GS-1
2011-09-22 00:00:00-04:00,79.4504177083348,79.50837420110575,75.67495174089208,77.81107330322266,12381300,0.0,0,GS-1
2011-09-23 00:00:00-04:00,76.86717448394758,79.91404260886024,76.83406191366949,78.8045883178711,17489100,0.0,0,GS-1
2011-09-26 00:00:00-04:00,79.64088219524247,82.57183955805468,78.65561510050654,82.08334350585938,7038600,0.0,0,GS-1
2011-09-27 00:00:00-04:00,83.78890127608895,86.17341167211245,81.78525509248502,82.42278289794922,8583800,0.0,0,GS-1
2011-09-28 00:00:00-04:00,82.7788183840006,83.46601519308368,79.6574292211815,79.74850463867188,5676800,0.0,0,GS-1
2011-09-29 00:00:00-04:00,81.67764708070057,82.77882719720641,80.47711022995816,82.68775177001953,5949200,0.0,0,GS-1
2011-09-30 00:00:00-04:00,81.37127566173339,81.47063236394725,78.20849328428024,78.28301239013672,5780200,0.0,0,GS-1
2011-10-03 00:00:00-04:00,77.61236071798842,79.25171145687459,74.41645964513327,74.5820541381836,7745200,0.0,0,GS-1
2011-10-04 00:00:00-04:00,73.12486234805026,78.83774350208857,69.7716477115886,78.30785369873047,12000000,0.0,0,GS-1
2011-10-05 00:00:00-04:00,77.72000241726039,79.10268333693232,75.19474154989668,78.06774139404297,8455400,0.0,0,GS-1
2011-10-06 00:00:00-04:00,77.82761728626184,81.1394307878049,75.97300349409696,81.08147430419922,7604000,0.0,0,GS-1
2011-10-07 00:00:00-04:00,81.19743129267229,81.19743129267229,76.37874028814072,76.7430419921875,7636900,0.0,0,GS-1
2011-10-10 00:00:00-04:00,78.58935240741208,79.80644518239868,77.78623642300408,79.59945678710938,6123500,0.0,0,GS-1
2011-10-11 00:00:00-04:00,78.29129015825468,81.81009294763085,77.82763816502562,80.0631103515625,7065300,0.0,0,GS-1
2011-10-12 00:00:00-04:00,81.30506876128194,83.730973890469,79.80647425484035,82.05850982666016,8237900,0.0,0,GS-1
2011-10-13 00:00:00-04:00,81.03181578942527,81.15600376784937,78.25816635798077,79.60773468017578,6571500,0.0,0,GS-1
2011-10-14 00:00:00-04:00,80.13763448714586,81.00698202898504,78.36581418269073,80.08795928955078,5557400,0.0,0,GS-1
2011-10-17 00:00:00-04:00,79.07785886313519,81.04838637534264,78.7963513232282,80.22871398925781,7227800,0.0,0,GS-1
2011-10-18 00:00:00-04:00,81.29676689917545,85.89190563962518,79.93892348558964,84.65825653076172,16777200,0.0,0,GS-1
2011-10-19 00:00:00-04:00,84.07870953699933,86.885472367598,83.0603236003249,83.449462890625,9959400,0.0,0,GS-1
2011-10-20 00:00:00-04:00,84.19458043945802,84.5919945207112,81.37125640823143,83.50737762451172,7351200,0.0,0,GS-1
2011-10-21 00:00:00-04:00,84.23599722839622,85.32889572426195,83.28384932805619,84.5257797241211,5854800,0.0,0,GS-1
2011-10-24 00:00:00-04:00,84.98942703147088,86.71157180709643,84.93147053982885,86.09060668945312,5616600,0.0,0,GS-1
2011-10-25 00:00:00-04:00,85.32059622485164,85.41994658525256,82.86157373640344,83.15963745117188,5150100,0.0,0,GS-1
2011-10-26 00:00:00-04:00,84.36848819078125,88.3757812993397,83.92139240881397,88.03632354736328,11751700,0.0,0,GS-1
2011-10-27 00:00:00-04:00,91.34813121914213,97.30939520074323,91.07490498814921,96.37380981445312,16477900,0.0,0,GS-1
2011-10-28 00:00:00-04:00,94.66820387058988,97.75647332608887,94.3867027016064,95.92669677734375,8249500,0.0,0,GS-1
2011-10-31 00:00:00-04:00,93.38487623209161,94.29562382077388,90.64435216232675,90.70230865478516,8071700,0.0,0,GS-1
2011-11-01 00:00:00-04:00,85.68491815176415,88.67383121786521,85.03911534045763,85.726318359375,10225400,0.0,0,GS-1
2011-11-02 00:00:00-04:00,88.13568778613936,88.79805341525223,86.728168720258,87.87074279785156,5602800,0.0,0,GS-1
2011-11-03 00:00:00-04:00,89.44385822230913,90.00686712330456,84.52581006704867,89.1540756225586,8295100,0.0,0,GS-1
2011-11-04 00:00:00-04:00,88.03630735654622,88.23501445083649,85.94986075775205,86.96824645996094,6074600,0.0,0,GS-1
2011-11-07 00:00:00-05:00,86.89372522495054,87.88727330565484,85.90018346103072,87.40705871582031,4696900,0.0,0,GS-1
2011-11-08 00:00:00-05:00,88.10254270272921,90.46220912155836,87.92866689369255,89.89920043945312,6138600,0.0,0,GS-1
2011-11-09 00:00:00-05:00,86.92682965038335,86.93511095345924,81.82663975917447,82.5221176147461,10596500,0.0,0,GS-1
2011-11-10 00:00:00-05:00,84.34364598239164,84.40160248891904,81.25537589141145,82.38139343261719,8536500,0.0,0,GS-1
2011-11-11 00:00:00-05:00,83.53224145287341,84.61685868975641,83.01063293859526,84.16976928710938,4770400,0.0,0,GS-1
2011-11-14 00:00:00-05:00,83.22588354624905,83.30040264642942,81.45406355082717,82.20750427246094,4826400,0.0,0,GS-1
2011-11-15 00:00:00-05:00,81.38787868072309,83.63990819800814,81.18916517763135,82.58840942382812,5664100,0.0,0,GS-1
2011-11-16 00:00:00-05:00,81.85977857556266,81.95912896951677,78.86258412784248,79.1523666381836,8889900,0.0,0,GS-1
2011-11-17 00:00:00-05:00,79.47526014589924,79.8478430365175,76.02269533018587,76.46150970458984,8994900,0.0,0,GS-1
2011-11-18 00:00:00-05:00,76.56088106309451,77.32259696512823,75.60045172130678,76.09722900390625,6228700,0.0,0,GS-1
2011-11-21 00:00:00-05:00,74.66486035398107,76.41184305952085,73.60508069345713,75.59217071533203,7802900,0.0,0,GS-1
2011-11-22 00:00:00-05:00,75.10366001487432,76.00613260003678,73.36495895629231,74.01904296875,7087400,0.0,0,GS-1
2011-11-23 00:00:00-05:00,73.67130962896509,73.91969190379533,72.52872968767943,72.76883697509766,6608600,0.0,0,GS-1
2011-11-25 00:00:00-05:00,72.90959074175065,75.70807790440364,72.64464584697484,73.48088073730469,3675000,0.0,0,GS-1
2011-11-28 00:00:00-05:00,76.76786856210887,77.62065986783784,73.99422491285523,75.16163635253906,8730600,0.0,0,GS-1
2011-11-29 00:00:00-05:00,75.09516265678569,75.8764536078353,73.68219586652224,73.81517791748047,5877300,0.35,0,GS-1
2011-11-30 00:00:00-05:00,76.79900618381782,79.7994872944196,75.94291439470253,79.67481231689453,10871200,0.0,0,GS-1
2011-12-01 00:00:00-05:00,78.6109497264435,79.47535507750294,77.4639472696366,78.48627471923828,6036600,0.0,0,GS-1
2011-12-02 00:00:00-05:00,79.40053847263827,85.12721772109228,79.40053847263827,80.83013153076172,15122900,0.0,0,GS-1
2011-12-05 00:00:00-05:00,82.75008368035056,84.93603315272155,82.3261976904744,82.9661865234375,8527400,0.0,0,GS-1
2011-12-06 00:00:00-05:00,82.81662225641229,84.86127115422286,82.28468138907466,84.07998657226562,6401800,0.0,0,GS-1
2011-12-07 00:00:00-05:00,83.34021754210377,88.18587065008718,82.32621001539003,87.37964630126953,10620400,0.0,0,GS-1
2011-12-08 00:00:00-05:00,86.17450432543414,87.01397609627813,82.60052062083933,83.04934692382812,9218200,0.0,0,GS-1
2011-12-09 00:00:00-05:00,84.04669893765671,86.09134684928439,83.77241527675693,84.32097625732422,7014600,0.0,0,GS-1
2011-12-12 00:00:00-05:00,82.5672236451901,82.6586515224885,81.05451650429592,81.47840881347656,6133300,0.0,0,GS-1
2011-12-13 00:00:00-05:00,82.44259436963304,83.06596309889333,77.58862656701756,78.9932861328125,10105700,0.0,0,GS-1
2011-12-14 00:00:00-05:00,77.94601361714952,79.55014916872243,76.84057170860144,77.50550079345703,8376300,0.0,0,GS-1
2011-12-15 00:00:00-05:00,78.74393216601953,79.04314964839706,76.3834457397461,76.3834457397461,8163200,0.0,0,GS-1
2011-12-16 00:00:00-05:00,77.05668323316614,77.7881002353484,74.72113049994653,74.88735961914062,10053500,0.0,0,GS-1
2011-12-19 00:00:00-05:00,75.31954933863696,75.568892964009,72.22764019065245,72.89256286621094,9545300,0.0,0,GS-1
2011-12-20 00:00:00-05:00,74.65462034415539,76.0509662068485,73.26658783801376,75.61876678466797,8610800,0.0,0,GS-1
2011-12-21 00:00:00-05:00,75.66863409091994,76.6410875448156,74.20579406119245,76.46654510498047,6422500,0.0,0,GS-1
2011-12-22 00:00:00-05:00,76.56628366480984,78.91845618276082,76.29199997990865,78.47794342041016,8280500,0.0,0,GS-1
2011-12-23 00:00:00-05:00,78.79377888989285,78.96000794908227,77.07328212823055,77.95430755615234,3919500,0.0,0,GS-1
2011-12-27 00:00:00-05:00,77.71329769407157,77.99588846007573,76.32526491490792,76.3834457397461,3672000,0.0,0,GS-1
2011-12-28 00:00:00-05:00,76.18393750177445,76.83223966061429,74.83745939717748,74.9039535522461,3917400,0.0,0,GS-1
2011-12-29 00:00:00-05:00,75.29460083421428,75.99277685775648,75.01201015553619,75.64369201660156,4290500,0.0,0,GS-1
2011-12-30 00:00:00-05:00,75.2447738178665,75.7517809820504,74.9206225281405,75.16165924072266,4182800,0.0,0,GS-1
2012-01-03 00:00:00-05:00,77.27275691173664,80.14856270563554,77.15639530409919,79.25922393798828,8645200,0.0,0,GS-1
2012-01-04 00:00:00-05:00,78.73561998554553,79.06807819639839,77.86290132897203,78.74392700195312,7406200,0.0,0,GS-1
2012-01-05 00:00:00-05:00,78.08730533514115,79.62495297930961,76.88212855908667,78.6109390258789,8131300,0.0,0,GS-1
2012-01-06 00:00:00-05:00,77.96261837188861,78.09560034666191,76.81561634065534,77.64677429199219,5940900,0.0,0,GS-1
2012-01-09 00:00:00-05:00,77.70496100889945,79.05143927538627,77.26444827576151,78.70235443115234,5018200,0.0,0,GS-1
2012-01-10 00:00:00-05:00,80.92157388348231,82.68363179037681,80.65560347689774,81.72779846191406,7682700,0.0,0,GS-1
2012-01-11 00:00:00-05:00,81.40362853057204,83.63113255207608,81.0379169275505,82.91633605957031,7223000,0.0,0,GS-1
2012-01-12 00:00:00-05:00,83.58127447609148,84.32100483682878,81.6696142398401,84.12152862548828,6858700,0.0,0,GS-1
2012-01-13 00:00:00-05:00,81.45349280330525,82.64204912541096,80.62233471347561,82.25140380859375,7615800,0.0,0,GS-1
2012-01-17 00:00:00-05:00,81.96881352585955,84.64513726231964,80.58077468932679,81.1875228881836,8041500,0.0,0,GS-1
2012-01-18 00:00:00-05:00,82.28465709780195,87.9614688012938,81.28726985129167,86.69810485839844,17960300,0.0,0,GS-1
2012-01-19 00:00:00-05:00,88.31058862606635,90.01446604899307,87.17189922399588,89.4991455078125,11480900,0.0,0,GS-1
2012-01-20 00:00:00-05:00,89.19988401305002,90.95362805186873,88.60144918674922,90.380126953125,8439700,0.0,0,GS-1
2012-01-23 00:00:00-05:00,90.17236309694279,92.17545766384997,89.36613852324935,89.92301940917969,7091800,0.0,0,GS-1
2012-01-24 00:00:00-05:00,88.75938671418683,90.67936016539258,88.310560516262,90.48819732666016,4543900,0.0,0,GS-1
2012-01-25 00:00:00-05:00,88.29395216991587,90.55469750046568,88.0446021344675,89.98950958251953,7927600,0.0,0,GS-1
2012-01-26 00:00:00-05:00,90.27209023055462,91.67674958073552,89.79001696536153,90.23052978515625,6909600,0.0,0,GS-1
2012-01-27 00:00:00-05:00,89.57391168732495,93.25594257227411,89.44924303690429,92.89854431152344,8403600,0.0,0,GS-1
2012-01-30 00:00:00-05:00,91.734943733692,91.77649784389683,90.40508538244616,91.2030029296875,6356900,0.0,0,GS-1
2012-01-31 00:00:00-05:00,92.00087536591504,93.50526922378799,90.72920471906862,92.64917755126953,8028400,0.0,0,GS-1
2012-02-01 00:00:00-05:00,93.59668367753291,96.95456206931046,92.76552584811958,94.29485321044922,11333000,0.0,0,GS-1
2012-02-02 00:00:00-05:00,95.03461567689472,95.9239609461397,93.6798302344044,94.2450180053711,6624200,0.0,0,GS-1
2012-02-03 00:00:00-05:00,96.09019020872597,97.71925935362349,95.91564776547622,97.6860122680664,7454500,0.0,0,GS-1
2012-02-06 00:00:00-05:00,96.73849064360452,97.74419118253277,96.68862318685483,97.56964874267578,3421900,0.0,0,GS-1
2012-02-07 00:00:00-05:00,97.05434502590504,97.22889383682713,95.84085475481211,96.39773559570312,5727300,0.0,0,GS-1
2012-02-08 00:00:00-05:00,96.92134103755171,97.27873925388012,95.20084412202493,96.53900909423828,4958200,0.0,0,GS-1
2012-02-09 00:00:00-05:00,97.40342721922019,97.56965631544293,95.62474925645613,96.31460571289062,4769800,0.0,0,GS-1
2012-02-10 00:00:00-05:00,95.1842343302568,96.13176051275336,94.13697956332463,94.85177612304688,5849400,0.0,0,GS-1
2012-02-13 00:00:00-05:00,96.29797718625174,96.47251962487722,94.73540225386662,95.19253540039062,3990000,0.0,0,GS-1
2012-02-14 00:00:00-05:00,94.46942075276014,94.62733645976763,92.59100190856941,93.81280517578125,4870300,0.0,0,GS-1
2012-02-15 00:00:00-05:00,94.15355402443724,95.79093589555691,93.8460296986049,94.06212615966797,6111800,0.0,0,GS-1
2012-02-16 00:00:00-05:00,93.463720360089,95.56655555714111,92.77386399664094,95.36707305908203,6372400,0.0,0,GS-1
2012-02-17 00:00:00-05:00,95.9655060240855,96.95458611558885,95.44187874453037,96.33953094482422,5182300,0.0,0,GS-1
2012-02-21 00:00:00-05:00,96.59720908002484,98.00186849719572,96.35617243593295,96.93798065185547,5320400,0.0,0,GS-1
2012-02-22 00:00:00-05:00,96.59720131102029,97.36186528794296,94.99306582615345,95.0512466430664,4508500,0.0,0,GS-1
2012-02-23 00:00:00-05:00,95.26734867671658,96.26473591227564,94.1037260077421,96.24811553955078,5609600,0.0,0,GS-1
2012-02-24 00:00:00-05:00,96.68031593394751,97.22057000069779,95.67461533152729,96.3062973022461,4877500,0.0,0,GS-1
2012-02-27 00:00:00-05:00,95.18422851014488,96.95459942733285,94.70216160267329,96.60551452636719,4370200,0.0,0,GS-1
2012-02-28 00:00:00-05:00,96.70557051987896,98.92313234513115,96.08031898634526,97.63094329833984,6448200,0.35,0,GS-1
2012-02-29 00:00:00-05:00,97.13073767159747,98.48127683451692,95.98860931396484,95.98860931396484,6650700,0.0,0,GS-1
2012-03-01 00:00:00-05:00,96.68055748037905,101.0739886091909,96.57217648173128,100.98228454589844,10485800,0.0,0,GS-1
2012-03-02 00:00:00-05:00,101.21569724489558,101.857619201517,99.92350850522631,100.00687408447266,7044100,0.0,0,GS-1
2012-03-05 00:00:00-05:00,99.70675365881223,99.99853636855619,97.96438950606544,98.8980941772461,5612700,0.0,0,GS-1
2012-03-06 00:00:00-05:00,96.80559137203295,96.90562752434379,94.29624733193,94.76309967041016,8161100,0.0,0,GS-1
2012-03-07 00:00:00-05:00,95.58844279922033,97.3141365119661,95.2799831337084,97.03902435302734,5595000,0.0,0,GS-1
2012-03-08 00:00:00-05:00,98.14780508167146,98.9397876914194,96.7722506475529,97.68094635009766,4784100,0.0,0,GS-1
2012-03-09 00:00:00-05:00,98.05609511349637,98.78138266635432,96.90562846763426,97.7809829711914,5000600,0.0,0,GS-1
2012-03-12 00:00:00-04:00,98.1227953835767,98.264523884826,96.93898745333736,97.53089141845703,4060000,0.0,0,GS-1
2012-03-13 00:00:00-04:00,98.70634928481715,104.08350843561364,98.70634928481715,103.8250732421875,11884700,0.0,0,GS-1
2012-03-14 00:00:00-04:00,103.80842141679896,104.1002105436197,99.890181158093,100.34870147705078,14837200,0.0,0,GS-1
2012-03-15 00:00:00-04:00,101.4824732444301,102.99974971893494,100.14026639847742,102.59124755859375,7245600,0.0,0,GS-1
2012-03-16 00:00:00-04:00,102.62458649205722,102.95805514923308,100.92390206480742,102.48286437988281,7425700,0.0,0,GS-1
2012-03-19 00:00:00-04:00,102.48286428792828,105.04222621184918,101.8742835120995,103.62499237060547,8020700,0.0,0,GS-1
2012-03-20 00:00:00-04:00,102.94971869155748,106.59285223455308,102.75797850320208,105.05889892578125,8247000,0.0,0,GS-1
2012-03-21 00:00:00-04:00,105.60914606923018,106.30109258330042,103.80008660410525,105.0339126586914,4820500,0.0,0,GS-1
2012-03-22 00:00:00-04:00,104.03351489643403,104.68377544639677,103.44994300669234,103.99182891845703,5028400,0.0,0,GS-1
2012-03-23 00:00:00-04:00,104.9255175950044,105.70916801790933,103.80006639555499,105.19229125976562,5160600,0.0,0,GS-1
2012-03-26 00:00:00-04:00,106.092660859762,106.88464979405843,105.40905290700584,106.76793670654297,4444000,0.0,0,GS-1
2012-03-27 00:00:00-04:00,107.20145422113706,107.30983522191667,105.20898655293131,105.31736755371094,5447000,0.0,0,GS-1
2012-03-28 00:00:00-04:00,105.12559822649358,106.07597982256651,103.44992273430773,105.34235382080078,5187900,0.0,0,GS-1
2012-03-29 00:00:00-04:00,104.75876819949946,105.5424121255736,102.44950330189022,103.17479705810547,5538800,0.0,0,GS-1
2012-03-30 00:00:00-04:00,103.95015386070123,104.60041443918803,102.48289514489286,103.68338012695312,4651400,0.0,0,GS-1
2012-04-02 00:00:00-04:00,103.49160851457425,104.6587457028168,102.8580186648907,104.12519836425781,4084700,0.0,0,GS-1
2012-04-03 00:00:00-04:00,103.64165270605518,103.73335673664958,101.45743926158337,102.29944610595703,5594800,0.0,0,GS-1
2012-04-04 00:00:00-04:00,100.72382951468597,101.39909897508313,99.92350850522631,100.00687408447266,5633800,0.0,0,GS-1
2012-04-05 00:00:00-04:00,99.58169576036151,100.5320773031602,98.06441940603506,98.37287902832031,6103700,0.0,0,GS-1
2012-04-09 00:00:00-04:00,96.75553404896951,98.36451400907747,96.43040394369653,97.55585479736328,4043300,0.0,0,GS-1
2012-04-10 00:00:00-04:00,97.77264536468915,98.55629582770212,95.4133618697274,95.50506591796875,5770400,0.0,0,GS-1
2012-04-11 00:00:00-04:00,97.01401010090174,97.55588956253914,96.33873425975216,96.6471939086914,4177500,0.0,0,GS-1
2012-04-12 00:00:00-04:00,97.18074283175861,100.3820333781653,96.70555201163414,100.3653564453125,5514600,0.0,0,GS-1
2012-04-13 00:00:00-04:00,100.03187611483483,100.1152416882413,95.78016826724958,95.9468994140625,6368200,0.0,0,GS-1
2012-04-16 00:00:00-04:00,97.63925074028741,98.71468379947977,95.8385238429275,98.14778900146484,7137600,0.0,0,GS-1
2012-04-17 00:00:00-04:00,99.51500251563043,99.84846479844016,96.90561626598539,97.42249298095703,12894400,0.0,0,GS-1
2012-04-18 00:00:00-04:00,95.67180472462529,97.36415086604109,95.22996141011411,96.1469955444336,6637400,0.0,0,GS-1
2012-04-19 00:00:00-04:00,95.95526839982291,96.27206658407064,93.76272195596472,94.70476531982422,9240300,0.0,0,GS-1
2012-04-20 00:00:00-04:00,94.96318757264298,95.17993681614011,93.63765127089346,93.7376937866211,5369600,0.0,0,GS-1
2012-04-23 00:00:00-04:00,92.13703012272873,93.32084410200916,91.76188188137266,93.16244506835938,7047600,0.0,0,GS-1
2012-04-24 00:00:00-04:00,93.00407848123103,95.24664932786312,92.57057355419548,95.12993621826172,4701900,0.0,0,GS-1
2012-04-25 00:00:00-04:00,95.9635731845681,95.9635731845681,93.97110615196021,95.02153015136719,5080600,0.0,0,GS-1
2012-04-26 00:00:00-04:00,94.56302275740035,96.33040235214094,94.2712400404443,95.50506591796875,4587600,0.0,0,GS-1
2012-04-27 00:00:00-04:00,95.22996716827855,95.86355072607563,94.48799626122916,95.3800277709961,4008400,0.0,0,GS-1
2012-04-30 00:00:00-04:00,95.19662708540525,96.12199981426942,94.71309773222832,95.9969482421875,4240300,0.0,0,GS-1
2012-05-01 00:00:00-04:00,95.73849337483328,97.10571565047107,95.16326639951983,96.1469955444336,4308600,0.0,0,GS-1
2012-05-02 00:00:00-04:00,95.1215705549158,95.43003017660894,94.0127899703172,94.8464584350586,3956400,0.0,0,GS-1
2012-05-03 00:00:00-04:00,95.02154918444113,95.27164594651906,92.37881490640613,92.97905731201172,4854800,0.0,0,GS-1
2012-05-04 00:00:00-04:00,92.35378608743633,92.45382858707404,90.7031261859185,90.86151885986328,5500100,0.0,0,GS-1
2012-05-07 00:00:00-04:00,90.478066393765,92.42051606426085,90.27798767915394,91.73690795898438,3267400,0.0,0,GS-1
2012-05-08 00:00:00-04:00,90.86154656131843,91.86195278153893,89.8444697662685,91.1783447265625,4065900,0.0,0,GS-1
2012-05-09 00:00:00-04:00,89.45263625677681,90.56974903953156,88.91908890376168,89.44429779052734,4777100,0.0,0,GS-1
2012-05-10 00:00:00-04:00,90.50305105003538,91.16998839953507,88.46890421879462,88.63563537597656,4694200,0.0,0,GS-1
2012-05-11 00:00:00-04:00,86.21801146178032,86.52647115633172,84.69239628446029,85.142578125,10631800,0.0,0,GS-1
2012-05-14 00:00:00-04:00,84.08381190578709,84.25888154104717,82.7999615534934,83.17510986328125,10075600,0.0,0,GS-1
2012-05-15 00:00:00-04:00,83.48357925615436,84.84245688469865,83.18345802917484,83.25849151611328,5656700,0.0,0,GS-1
2012-05-16 00:00:00-04:00,83.82539870164395,85.15092901405208,81.86627197265625,81.86627197265625,5797200,0.0,0,GS-1
2012-05-17 00:00:00-04:00,82.1746897059523,83.31681764493203,80.93252563476562,80.93252563476562,6375200,0.0,0,GS-1
2012-05-18 00:00:00-04:00,81.30769453201772,81.61615419234415,79.1985140697176,79.60700988769531,7184700,0.0,0,GS-1
2012-05-21 00:00:00-04:00,79.03177926021678,81.3243677198072,78.36484189145422,80.45735168457031,5314700,0.0,0,GS-1
2012-05-22 00:00:00-04:00,80.76580006787158,83.32516204753816,80.52403544537977,81.30768585205078,5839700,0.0,0,GS-1
2012-05-23 00:00:00-04:00,80.65740861360503,82.1246666132201,79.62366169496879,81.73284149169922,5469700,0.0,0,GS-1
2012-05-24 00:00:00-04:00,81.96629322253891,82.11635381895854,79.89879237857785,80.74913787841797,5177300,0.0,0,GS-1
2012-05-25 00:00:00-04:00,80.48233141790178,81.51607823873218,80.45732238874695,80.61571502685547,3096000,0.0,0,GS-1
2012-05-29 00:00:00-04:00,81.26074381625098,81.9894980558384,79.89536492454187,81.97274780273438,4528000,0.46,0,GS-1
2012-05-30 00:00:00-04:00,80.98430800158367,81.16859271984916,79.0828381347615,79.2503662109375,5713200,0.0,0,GS-1
2012-05-31 00:00:00-04:00,79.49327253463149,80.9591653133336,78.48808508047884,80.16339111328125,4833000,0.0,0,GS-1
2012-06-01 00:00:00-04:00,78.79803349850998,78.90692610999902,77.22324783854907,77.60018920898438,5384700,0.0,0,GS-1
2012-06-04 00:00:00-04:00,77.70070405925719,77.91848926589208,75.8494914581444,76.22643280029297,5332600,0.0,0,GS-1
2012-06-05 00:00:00-04:00,76.19291635170161,77.90172924394693,75.98350310104584,77.23998260498047,4682900,0.0,0,GS-1
2012-06-06 00:00:00-04:00,77.93526341900737,79.63569858719278,77.817992468842,79.5435562133789,6399600,0.0,0,GS-1
2012-06-07 00:00:00-04:00,80.95079891942193,81.67118113091651,78.14466217923489,78.73939514160156,6068400,0.0,0,GS-1
2012-06-08 00:00:00-04:00,78.42946683420364,79.44302643955331,77.80960525547466,79.19173431396484,3366700,0.0,0,GS-1
2012-06-11 00:00:00-04:00,80.42309641068113,81.05133639574461,77.61695908888841,77.7342300415039,4941700,0.0,0,GS-1
2012-06-12 00:00:00-04:00,77.8263652158835,78.77291107177734,77.49967457435493,78.77291107177734,3668500,0.0,0,GS-1
2012-06-13 00:00:00-04:00,78.16980413169819,79.09122146505017,77.2902656280333,77.6672134399414,4694700,0.0,0,GS-1
2012-06-14 00:00:00-04:00,77.85149053082186,78.98232107379415,77.49129939883058,78.588623046875,4461000,0.0,0,GS-1
2012-06-15 00:00:00-04:00,78.47136454700387,80.22205694664359,77.6923466911271,80.12992095947266,6186200,0.0,0,GS-1
2012-06-18 00:00:00-04:00,79.77810392222803,79.80323250040911,78.1698110107592,78.42948150634766,4081400,0.0,0,GS-1
2012-06-19 00:00:00-04:00,78.9906756554116,81.64603397023552,78.86502643489126,80.72461700439453,5295200,0.0,0,GS-1
2012-06-20 00:00:00-04:00,81.26073932466527,81.75495164875645,79.88698857773007,80.87541961669922,4941300,0.0,0,GS-1
2012-06-21 00:00:00-04:00,81.08486675593909,81.14350224921219,78.6305415818685,78.65567016601562,5577700,0.0,0,GS-1
2012-06-22 00:00:00-04:00,79.84511772456955,79.84511772456955,78.03578979686411,78.42948150634766,6720200,0.0,0,GS-1
2012-06-25 00:00:00-04:00,77.36566807240276,77.39917497509688,75.94165985723757,76.4107437133789,4211300,0.0,0,GS-1
2012-06-26 00:00:00-04:00,76.63689136988826,76.92169678812604,75.74898100102743,76.25157165527344,4248000,0.0,0,GS-1
2012-06-27 00:00:00-04:00,76.38562293439595,78.56352070561084,76.24321698570665,78.12793731689453,3576100,0.0,0,GS-1
2012-06-28 00:00:00-04:00,77.13949411214087,78.33733866103981,76.50288216603734,78.31221008300781,4413500,0.0,0,GS-1
2012-06-29 00:00:00-04:00,80.42310412120115,80.56550366434566,79.17499596317961,80.29745483398438,6245300,0.0,0,GS-1
2012-07-02 00:00:00-04:00,80.88377460039185,81.50364244448343,80.0712501380766,81.36123657226562,3515900,0.0,0,GS-1
2012-07-03 00:00:00-04:00,81.3612693754827,82.73502038845433,80.94244269126482,82.59262084960938,2251100,0.0,0,GS-1
2012-07-05 00:00:00-04:00,82.26592882696433,82.26592882696433,80.32257345019839,80.34770202636719,3736900,0.0,0,GS-1
2012-07-06 00:00:00-04:00,79.27552549101092,80.41473474448762,79.158254514105,79.97077941894531,3312800,0.0,0,GS-1
2012-07-09 00:00:00-04:00,79.4430070471249,79.87021186436526,78.46295457591332,79.1330795288086,4121300,0.0,0,GS-1
2012-07-10 00:00:00-04:00,79.45979103601638,79.82836052604928,78.0274046871895,78.94882202148438,3668600,0.0,0,GS-1
2012-07-11 00:00:00-04:00,78.63891478881514,79.97078728727395,78.53002212548537,79.68598175048828,4516400,0.0,0,GS-1
2012-07-12 00:00:00-04:00,79.02420570973169,79.35926829285971,78.09441646796259,78.75615692138672,3187000,0.0,0,GS-1
2012-07-13 00:00:00-04:00,79.510045009198,81.97274761089106,79.40953070923476,81.61255645751953,4592400,0.0,0,GS-1
2012-07-16 00:00:00-04:00,81.8638609298902,82.21567378686692,80.38121098996493,81.82197570800781,4503000,0.0,0,GS-1
2012-07-17 00:00:00-04:00,83.96634894079573,84.1757622257374,81.40313237816117,82.07325744628906,9502200,0.0,0,GS-1
2012-07-18 00:00:00-04:00,81.54554462512813,81.93086436275868,80.56549183219039,80.8419189453125,4443200,0.0,0,GS-1
2012-07-19 00:00:00-04:00,80.91730077519375,80.95080767130283,79.20011548741573,79.57705688476562,6164100,0.0,0,GS-1
2012-07-20 00:00:00-04:00,79.13310644607242,79.82836020280564,78.82317243154635,78.8734359741211,5543900,0.0,0,GS-1
2012-07-23 00:00:00-04:00,77.01383631685405,78.25355945894313,76.352089530004,78.03577423095703,4761200,0.0,0,GS-1
2012-07-24 00:00:00-04:00,78.22003444025842,79.24197211757038,78.07763496477335,79.1330795288086,5301700,0.0,0,GS-1
2012-07-25 00:00:00-04:00,79.6273135171561,80.99269236390184,79.45140710681443,80.3812026977539,4578900,0.0,0,GS-1
2012-07-26 00:00:00-04:00,81.62096345771214,82.25757555044909,81.0429804666955,82.14030456542969,5077400,0.0,0,GS-1
2012-07-27 00:00:00-04:00,82.43344502720575,85.4825018143175,82.19052486016619,85.1390609741211,6397200,0.0,0,GS-1
2012-07-30 00:00:00-04:00,84.72866486805897,85.59144707338822,84.05853941632114,84.50249481201172,3659600,0.0,0,GS-1
2012-07-31 00:00:00-04:00,83.98312843018468,85.2563587370686,83.76533676517458,84.51922607421875,3664000,0.0,0,GS-1
2012-08-01 00:00:00-04:00,84.8291369049956,85.23959157510207,83.61454231912045,83.84070587158203,3092800,0.0,0,GS-1
2012-08-02 00:00:00-04:00,82.50886826458844,82.95282358906964,81.01784608395764,81.9308853149414,3980200,0.0,0,GS-1
2012-08-03 00:00:00-04:00,83.2208560449919,84.90454100723107,82.92767866121584,84.58623504638672,3283100,0.0,0,GS-1
2012-08-06 00:00:00-04:00,84.81239958001684,86.15264362855586,84.39357291542417,85.45738983154297,2768700,0.0,0,GS-1
2012-08-07 00:00:00-04:00,85.758934430396,87.43424087171421,85.71705560383518,86.47931671142578,3845000,0.0,0,GS-1
2012-08-08 00:00:00-04:00,85.85943603515625,86.53793294804125,85.58300899998625,85.85943603515625,2351100,0.0,0,GS-1
2012-08-09 00:00:00-04:00,85.78407312942824,87.11593874067415,85.69193075988186,86.78087615966797,2850200,0.0,0,GS-1
2012-08-10 00:00:00-04:00,86.58818179393268,86.59655372149247,85.54111567836179,86.29499816894531,3121600,0.0,0,GS-1
2012-08-13 00:00:00-04:00,85.90131263475804,87.09077829074432,85.90131263475804,86.78922271728516,2008600,0.0,0,GS-1
2012-08-14 00:00:00-04:00,87.2416124760636,88.48133606546854,86.20292393533181,86.49610137939453,3148200,0.0,0,GS-1
2012-08-15 00:00:00-04:00,86.57146889503706,87.53477148620061,86.3201767348124,86.3871841430664,2452500,0.0,0,GS-1
2012-08-16 00:00:00-04:00,86.49607167435128,87.05729778750128,85.94321749187866,86.68872833251953,2417900,0.0,0,GS-1
2012-08-17 00:00:00-04:00,86.65522689294225,86.7892544816596,86.11075738844279,86.78087615966797,2509700,0.0,0,GS-1
2012-08-20 00:00:00-04:00,86.54634860945254,88.37243326816076,86.3955707425578,88.18814849853516,3860800,0.0,0,GS-1
2012-08-21 00:00:00-04:00,88.53156789280446,89.9136905467452,87.7441718474037,88.22163391113281,4459800,0.0,0,GS-1
2012-08-22 00:00:00-04:00,87.76091857868408,89.08441210251955,86.8395013827582,87.67715454101562,4202400,0.0,0,GS-1
2012-08-23 00:00:00-04:00,87.61015910909806,87.94522172075472,86.82276932111087,87.1829605102539,3583100,0.0,0,GS-1
2012-08-24 00:00:00-04:00,86.74736629428352,88.13787372110515,85.63329235742958,87.92008209228516,3527100,0.0,0,GS-1
2012-08-27 00:00:00-04:00,88.05412292480469,88.66560629474208,87.60178934648486,88.05412292480469,2466800,0.0,0,GS-1
2012-08-28 00:00:00-04:00,87.88585676845996,89.08896612228929,87.66710786261547,88.36541748046875,2611100,0.46,0,GS-1
2012-08-29 00:00:00-04:00,88.64303876646903,89.42548042010381,88.37381187591058,88.78606414794922,2266900,0.0,0,GS-1
2012-08-30 00:00:00-04:00,88.1214305049527,88.50844385402134,87.45677505148365,88.10460662841797,2823700,0.0,0,GS-1
2012-08-31 00:00:00-04:00,88.68514152584841,89.66950211396208,88.6010028754774,88.94595336914062,3264100,0.0,0,GS-1
2012-09-04 00:00:00-04:00,88.80291770812356,90.23318473544694,88.79450256027988,89.5264663696289,3249200,0.0,0,GS-1
2012-09-05 00:00:00-04:00,89.93869449912413,92.54683118511129,89.84614715442899,92.49635314941406,6371600,0.0,0,GS-1
2012-09-06 00:00:00-04:00,93.06005032161606,95.72708031432607,92.55525068427318,95.52516174316406,6521500,0.0,0,GS-1
2012-09-07 00:00:00-04:00,95.74390620724282,98.22584138782179,95.53357249977425,97.87248229980469,6137100,0.0,0,GS-1
2012-09-10 00:00:00-04:00,97.64532326066733,97.80517894050277,96.36649707861078,96.48428344726562,4225100,0.0,0,GS-1
2012-09-11 00:00:00-04:00,96.94701357345423,99.07558962875083,96.77032761366358,98.17536163330078,3898500,0.0,0,GS-1
2012-09-12 00:00:00-04:00,98.7727205325689,99.66453349048531,98.1753735118064,99.47943878173828,4233700,0.0,0,GS-1
2012-09-13 00:00:00-04:00,99.26910223473003,101.84359137232572,99.00829047192204,101.52388000488281,5261600,0.0,0,GS-1
2012-09-14 00:00:00-04:00,102.02028367751126,103.14766949402183,101.36404340594521,102.10441589355469,6187700,0.0,0,GS-1
2012-09-17 00:00:00-04:00,101.22939665138679,101.89405187276074,100.54791755935294,100.87603759765625,3598300,0.0,0,GS-1
2012-09-18 00:00:00-04:00,100.48062428625535,101.26306597604592,99.90851631502272,100.85922241210938,3033300,0.0,0,GS-1
2012-09-19 00:00:00-04:00,101.2714961657739,101.2714961657739,100.1356887817383,100.13568878173828,4818300,0.0,0,GS-1
2012-09-20 00:00:00-04:00,98.97465507701102,99.12609564323817,97.79678471956399,98.96623992919922,4448100,0.0,0,GS-1
2012-09-21 00:00:00-04:00,99.58040371314948,99.59722758759348,98.06599825814251,98.20061492919922,8188700,0.0,0,GS-1
2012-09-24 00:00:00-04:00,97.88089865187872,98.79795702569987,96.66938076731228,98.09964752197266,3697500,0.0,0,GS-1
2012-09-25 00:00:00-04:00,98.54553602802174,98.98303368846867,95.49149322509764,95.49149322509766,4547700,0.0,0,GS-1
2012-09-26 00:00:00-04:00,95.25591653343344,95.60927556976893,94.14535497718306,95.13813018798828,5185100,0.0,0,GS-1
2012-09-27 00:00:00-04:00,95.69342788592509,97.47706015037261,95.67660401255446,96.947021484375,3898900,0.0,0,GS-1
2012-09-28 00:00:00-04:00,96.76192120744325,96.76192120744325,95.26434622759363,95.6429443359375,3653700,0.0,0,GS-1
2012-10-01 00:00:00-04:00,98.15853421897593,100.13566980873165,97.93137663653502,98.31838989257812,5338600,0.0,0,GS-1
2012-10-02 00:00:00-04:00,98.89891792467235,99.47943462828782,98.51189823042769,98.64651489257812,3681300,0.0,0,GS-1
2012-10-03 00:00:00-04:00,98.95782482433515,99.42055522213727,97.77995454277922,99.20181274414062,3036400,0.0,0,GS-1
2012-10-04 00:00:00-04:00,99.83278430712456,101.26305081158132,99.21860711660506,100.87603759765625,3743200,0.0,0,GS-1
2012-10-05 00:00:00-04:00,101.65850961371018,102.13807030706447,99.76550586327855,100.37967681884766,3938300,0.0,0,GS-1
2012-10-08 00:00:00-04:00,99.51309911354176,100.72462352303037,99.4037278783593,100.50587463378906,2140400,0.0,0,GS-1
2012-10-09 00:00:00-04:00,100.44699190613804,101.58279294891028,100.13569562436255,100.64891052246094,3260600,0.0,0,GS-1
2012-10-10 00:00:00-04:00,100.53952055533452,101.170521730368,100.16933114527458,101.02749633789062,2829600,0.0,0,GS-1
2012-10-11 00:00:00-04:00,101.75945610253834,103.43371721651005,101.59119168592986,102.63444519042969,4707200,0.0,0,GS-1
2012-10-12 00:00:00-04:00,102.32317203486936,102.8784498351711,100.86765956064856,101.12847137451172,4054900,0.0,0,GS-1
2012-10-15 00:00:00-04:00,102.39043031878073,104.83871737436155,101.59116492213973,104.74617004394531,6412000,0.0,0,GS-1
2012-10-16 00:00:00-04:00,104.51906176741511,105.98298303670764,102.93734767935254,103.6693115234375,10115900,0.0,0,GS-1
2012-10-17 00:00:00-04:00,103.75342138993607,105.20893361619396,103.52626378734719,105.09955596923828,6712400,0.0,0,GS-1
2012-10-18 00:00:00-04:00,104.15725196449873,106.41202951029915,103.64403721728807,105.29305267333984,5375100,0.0,0,GS-1
2012-10-19 00:00:00-04:00,104.71251640960432,105.30986327872318,103.50099238272976,104.00579833984375,5876400,0.0,0,GS-1
2012-10-22 00:00:00-04:00,102.65967119167418,104.62839799447366,102.57553899403965,103.2906723022461,3643000,0.0,0,GS-1
2012-10-23 00:00:00-04:00,101.35562945575992,102.35682016946845,99.37849347044306,100.11886596679688,5818500,0.0,0,GS-1
2012-10-24 00:00:00-04:00,100.81713941548385,102.09596534499644,100.76665496826173,100.76665496826172,3662000,0.0,0,GS-1
2012-10-25 00:00:00-04:00,101.6584761727296,102.80269191010609,99.82436621889447,100.72459411621094,4128800,0.0,0,GS-1
2012-10-26 00:00:00-04:00,100.32076573869642,101.27988695439653,99.59721725402784,100.4890365600586,3960900,0.0,0,GS-1
2012-10-31 00:00:00-04:00,100.7330377530815,103.14766498422712,100.67414456253836,102.97098541259766,3679700,0.0,0,GS-1
2012-11-01 00:00:00-04:00,103.33272577147018,105.06587316880758,102.9457125865732,105.04063415527344,3336200,0.0,0,GS-1
2012-11-02 00:00:00-04:00,105.4613286828028,105.9156503001517,103.53467098694165,103.69452667236328,3188800,0.0,0,GS-1
2012-11-05 00:00:00-05:00,103.64404996550589,104.71254248049391,102.7354067191198,104.39283752441406,2568700,0.0,0,GS-1
2012-11-06 00:00:00-05:00,104.60314477614246,106.6223493396203,104.57790576216607,106.218505859375,3986000,0.0,0,GS-1
2012-11-07 00:00:00-05:00,103.31593839864081,103.58516533623386,99.25228889341854,99.26070404052734,7075800,0.0,0,GS-1
2012-11-08 00:00:00-05:00,100.29552064793536,100.82555926066574,96.9722507584609,96.98065948486328,6252100,0.0,0,GS-1
2012-11-09 00:00:00-05:00,96.50951464593963,99.1513054183409,95.77755105529017,97.72103881835938,4823100,0.0,0,GS-1
2012-11-12 00:00:00-05:00,98.25950914154751,99.14290698377299,97.84725681517563,98.63810729980469,2453600,0.0,0,GS-1
2012-11-13 00:00:00-05:00,97.50231194369859,99.5719952587275,96.82083265258127,97.99028778076172,3156600,0.0,0,GS-1
2012-11-14 00:00:00-05:00,98.14171779406175,98.81478186565288,95.81121651639228,96.11409759521484,3885700,0.0,0,GS-1
2012-11-15 00:00:00-05:00,96.34124615256414,97.8977141907459,95.83644657516396,97.12368774414062,3702900,0.0,0,GS-1
2012-11-16 00:00:00-05:00,97.1994314293893,98.07442059881201,96.10569978176842,97.46024322509766,4515900,0.0,0,GS-1
2012-11-19 00:00:00-05:00,98.60445650710128,100.27871772902131,98.59604777894192,99.5299301147461,3868600,0.0,0,GS-1
2012-11-20 00:00:00-05:00,99.21861547476485,99.9085097696826,98.74747003010158,99.35322570800781,3304000,0.0,0,GS-1
2012-11-21 00:00:00-05:00,99.42895188587387,99.47102119552471,98.29315113293116,99.02510833740234,2075200,0.0,0,GS-1
2012-11-23 00:00:00-05:00,99.84121946193572,101.22100830078125,99.504684189781,101.22100830078125,1977500,0.0,0,GS-1
2012-11-26 00:00:00-05:00,100.25345509245952,101.75943869444042,99.69817105866773,101.75102996826172,3371000,0.0,0,GS-1
2012-11-27 00:00:00-05:00,101.38086940172816,102.08758773392418,99.59723685747474,99.62248229980469,3875200,0.0,0,GS-1
2012-11-28 00:00:00-05:00,99.06483604250467,100.82223510742188,98.49030198074695,100.82223510742188,3811200,0.5,0,GS-1
2012-11-29 00:00:00-05:00,101.38831586502121,101.76851947107684,100.1378571330706,100.31529235839844,2980800,0.0,0,GS-1
2012-11-30 00:00:00-05:00,99.66471191489836,100.91517062417861,99.43659104461985,99.52108001708984,4264300,0.0,0,GS-1
2012-12-03 00:00:00-05:00,100.05336372147217,101.08414591842427,99.75764910253392,100.03646850585938,3613900,0.0,0,GS-1
2012-12-04 00:00:00-05:00,99.79991504524399,100.02803595122076,98.17769686792316,98.49876403808594,3591600,0.0,0,GS-1
2012-12-05 00:00:00-05:00,98.8705001390387,99.61401855797914,98.00870231701585,98.96343994140625,3283000,0.0,0,GS-1
2012-12-06 00:00:00-05:00,99.03949230047047,99.2591688002243,98.1776879647186,99.02259063720703,2330900,0.0,0,GS-1
2012-12-07 00:00:00-05:00,99.50416823952315,99.6984986579347,98.12697943458816,98.49028778076172,3960500,0.0,0,GS-1
2012-12-10 00:00:00-05:00,98.52410580211273,98.99724925827456,97.68765392179917,98.86206817626953,3331900,0.0,0,GS-1
2012-12-11 00:00:00-05:00,99.32674160050668,101.21932795150867,98.88739511129596,100.42511749267578,5696500,0.0,0,GS-1
2012-12-12 00:00:00-05:00,100.788430737897,101.37141558776635,99.76609937749531,99.77454376220703,5372400,0.0,0,GS-1
2012-12-13 00:00:00-05:00,99.53797157392503,100.67859522167217,99.35209197366713,100.12095642089844,3329100,0.0,0,GS-1
2012-12-14 00:00:00-05:00,100.07870788578529,101.44745238410889,99.9519776558346,100.84757232666016,3717200,0.0,0,GS-1
2012-12-17 00:00:00-05:00,101.54880901793551,104.33698272705078,101.41362155645228,104.33698272705078,5476700,0.0,0,GS-1
2012-12-18 00:00:00-05:00,105.46075613361786,108.14754701255487,105.18193669191304,107.95321655273438,8040300,0.0,0,GS-1
2012-12-19 00:00:00-05:00,108.71359968663894,109.24589237028987,107.14208057069739,107.51383972167969,5525400,0.0,0,GS-1
2012-12-20 00:00:00-05:00,107.59835500032611,109.6007766723633,106.98157965378827,109.60077667236328,4402500,0.0,0,GS-1
2012-12-21 00:00:00-05:00,106.99001661092451,108.9501904344289,106.14511398965374,108.51929473876953,6393300,0.0,0,GS-1
2012-12-24 00:00:00-05:00,108.03767707868181,108.56996329408229,107.64057190140623,107.75885772705078,1359300,0.0,0,GS-1
2012-12-26 00:00:00-05:00,108.28272305599563,109.24591152873288,107.39557272506086,107.43782043457031,2210100,0.0,0,GS-1
2012-12-27 00:00:00-05:00,107.767329757622,108.40100671085122,105.24951716050926,107.02381134033203,3263500,0.0,0,GS-1
2012-12-28 00:00:00-05:00,106.22961265765686,106.98157549789877,105.90009469487525,106.05217742919922,1859200,0.0,0,GS-1
