Date,Open,High,Low,Close,Volume,Ticker
2010-01-04,138.39823906566028,141.81648176654954,137.95874344462905,140.8642578125,9135000,GS
2010-01-05,140.799205804889,143.45241180194563,140.44924842192992,143.35475158691406,11659400,GS
2010-01-06,142.73617132609195,142.73617132609195,141.41769674439752,141.8246307373047,7381100,GS
2010-01-07,141.8735243034877,145.47895481716807,141.57238459569146,144.5999755859375,8727400,GS
2010-01-08,143.50932729265583,144.40457452520585,141.57231773025075,141.8653106689453,7268100,GS
2010-01-11,142.47576651131953,142.47576651131953,138.7808103110516,139.62722778320312,7704900,GS
2010-01-12,138.36573503771194,138.7482541040754,135.94041115927604,136.5833740234375,10360100,GS
2010-01-13,136.73796692359613,138.08899087017048,135.19975680231167,137.60067749023438,11269500,GS
2010-01-14,136.72990557894218,138.9436288532359,136.08695493953184,137.1612548828125,10521400,GS
2010-01-15,136.40429645437152,136.56706758816938,133.94641135250703,134.4591522216797,10896300,GS
2010-01-19,134.29641677812506,136.24156170762444,133.3930223804871,135.8020782470703,7705300,GS
2010-01-20,134.93933979628446,136.8763375205093,133.73481842897726,136.55892944335938,8893900,GS
2010-01-21,137.77967585882118,139.17139527577936,127.59005983618877,130.92691040039062,51738300,GS
2010-01-22,129.15270142447028,130.01539942742906,123.91139006463898,125.43331909179688,30175600,GS
2010-01-25,127.069279799281,128.83537277225312,125.74267030686629,126.1333236694336,17877000,GS
2010-01-26,126.07634370038458,127.37039134120381,122.64995262885513,122.79645538330078,15985900,GS
2010-01-27,122.69058631670357,124.46481238342146,120.67219739547845,123.30098724365234,19899000,GS
2010-01-28,125.52285803560181,126.31231098829316,122.03950399262234,124.75782012939453,16160700,GS
2010-01-29,125.69384156901248,126.05194566306724,120.29788993622107,121.03851318359375,18502800,GS
2010-02-01,121.93371565813538,126.35301315237224,121.43725565721618,124.62761688232422,12980800,GS
2010-02-02,125.05081426392641,128.1842110572258,125.05081426392641,127.72844696044922,17246600,GS
2010-02-03,128.52610981653208,130.17012763544335,127.86687832986775,127.96453857421875,16785200,GS
2010-02-04,126.36934757508293,127.01229813481963,122.44649599970832,122.63368225097656,18895000,GS
2010-02-05,122.74760279971862,125.71008242824227,121.16054994055305,125.4659194946289,18759200,GS
2010-02-08,125.55543181241606,125.82400976826925,122.74758942833836,122.97547149658203,10257300,GS
2010-02-09,124.27767111388424,124.95318320717327,121.79537063098914,124.10676574707031,14017300,GS
2010-02-10,124.33462650230734,126.43440757888142,123.51261181709008,125.03455352783203,10555300,GS
2010-02-11,125.66121965211653,126.4099891728131,123.91140834410594,125.37637329101562,11163400,GS
2010-02-12,124.00906962330282,125.74261252725528,123.00801540855768,125.27870178222656,10293200,GS
2010-02-16,126.3937134872932,128.37955356087397,125.82400832322688,128.1028289794922,11497100,GS
2010-02-17,128.59115079470195,128.7457877098553,126.80877779353969,127.98888397216797,10070000,GS
2010-02-18,126.64600741077132,127.44359462036985,126.05188721311615,126.74366760253906,10991100,GS
2010-02-19,125.75075087260119,127.77728683515622,125.73448245264257,127.10990905761719,8693000,GS
2010-02-22,127.93999356501506,128.56667513992704,126.98776989381977,127.54120635986328,7375500,GS
2010-02-23,127.6226451826776,130.38980396589983,126.89016891518271,127.53311920166016,15696000,GS
2010-02-24,128.05399213628976,129.60848304528147,127.67147317085956,128.85972595214844,8361500,GS
2010-02-25,127.15061543033518,127.321533203125,125.59613672849538,127.321533203125,10519900,GS
2010-02-26,127.46021615246357,128.05568115554846,126.64452294477638,127.53363800048828,7812700,GS
2010-03-01,127.66412883433672,129.11606162751815,127.38679615395141,127.6885986328125,6522800,GS
2010-03-02,128.21065812278687,130.30699573426736,127.9904299083716,129.49130249023438,11986400,GS
2010-03-03,129.7278007466009,130.06223784185283,128.25139850474065,128.65109252929688,10006000,GS
2010-03-04,129.0834207908811,133.65130669477753,128.96922426560806,133.45553588867188,15439500,GS
2010-03-05,134.67906055440406,137.240335864052,134.5893338339886,136.36753845214844,12226700,GS
2010-03-08,136.9385713780494,139.23066716109537,136.59598174519277,138.53732299804688,9344500,GS
2010-03-09,138.0315845624602,140.4623464658661,137.03643800503787,137.7297821044922,12958700,GS
2010-03-10,138.87991887743942,140.5765622163431,137.74610583443294,140.2502899169922,13107200,GS
2010-03-11,139.8098314047208,141.57989687893985,139.56513336357753,141.53094482421875,8910600,GS
2010-03-12,142.75445878379134,143.83933220549895,141.93061315369312,142.71368408203125,10216900,GS
2010-03-15,141.88978497712816,142.90940115610508,138.97776764214316,141.5471954345703,13958600,GS
2010-03-16,142.19976000824073,143.9045553650042,141.57167292283256,143.71694946289062,11687700,GS
2010-03-17,144.26352946429185,145.09554018410444,143.21129049674394,144.08407592773438,10138600,GS
2010-03-18,143.72516481350215,144.9894919867924,143.2846958839231,144.74478149414062,6883500,GS
2010-03-19,145.11178588867188,145.36466118446853,143.5211869603687,145.11178588867188,10896600,GS
2010-03-22,143.73326150240246,144.33686632513738,142.93387344266608,143.69247436523438,7320400,GS
2010-03-23,143.76591828225995,144.2227044567113,141.35146107181583,142.60763549804688,10804800,GS
2010-03-24,141.6369883388416,143.52940282560408,141.6369883388416,142.26507568359375,8396100,GS
2010-03-25,142.94210960742905,145.78887148241856,142.5668851834814,142.66476440429688,9534300,GS
2010-03-26,143.05629400950593,143.13785587108202,140.2258372811352,141.00889587402344,11811500,GS
2010-03-29,141.8245585369969,142.28134469193887,140.00556636767837,141.9713897705078,11785600,GS
2010-03-30,142.14267521469364,142.5668391119774,139.2388097683049,139.79348754882812,8184600,GS
2010-03-31,138.6678566906162,140.0219105136943,138.54550767801524,139.18174743652344,8243200,GS
2010-04-01,140.07082977331825,140.29922286132683,138.25998997090056,138.8472900390625,6480600,GS
2010-04-05,139.2224944825853,141.41671094689127,138.48022320945995,141.24542236328125,6135000,GS
2010-04-06,140.7968101505929,141.84089649833865,140.4215857850791,141.03335571289062,7743600,GS
2010-04-07,141.0251954831851,145.11181389483698,140.95993853423877,143.85565185546875,13887200,GS
2010-04-08,143.64353430845247,147.47728870643698,142.97466011125138,146.41688537597656,10668800,GS
2010-04-09,147.05317122415178,147.64047133235331,144.78554509111999,146.10696411132812,8462000,GS
2010-04-12,146.30269250043145,147.1347028199852,145.06283569335938,145.06283569335938,6040800,GS
2010-04-13,144.83444378891315,146.82473665500785,144.46738443657304,146.2129669189453,6466400,GS
2010-04-14,150.01406066491728,151.66991599612945,149.32888172368826,150.83790588378906,12556400,GS
2010-04-15,151.34372177023212,151.3926738208158,149.81022690721173,150.30780029296875,7838700,GS
2010-04-16,149.7775978880572,152.05338913660208,126.8810937158743,131.0819091796875,102043700,GS
2010-04-19,126.9218137597783,133.55338823569934,126.43239306608966,133.21896362304688,54299200,GS
2010-04-20,135.76396621311557,135.9842068426883,128.8795142214913,130.4945831298828,42196600,GS
2010-04-21,131.87309550597092,133.07216529979317,128.06381040965718,129.63809204101562,30371000,GS
2010-04-22,128.82240767921678,132.14228463162235,127.48467146845992,129.73599243164062,24823000,GS
2010-04-23,130.665912755051,131.09822921176135,128.06384911596933,128.39012145996094,14916000,GS
2010-04-26,127.83546092431033,128.05570161058347,123.59385805610071,124.00985717773438,30940700,GS
2010-04-27,122.55790069602773,127.40312019252043,122.47632639916473,124.83367919921875,34516800,GS
2010-04-28,127.78644490195619,128.5939728579193,126.17952899131235,128.07192993164062,21226100,GS
2010-04-29,130.14388039556508,131.3674204573601,129.15688593592677,130.7067108154297,18464300,GS
2010-04-30,123.90377811350977,124.39319895685368,116.88882485334457,118.43863677978516,73187900,GS
2010-05-03,120.59204501791213,122.88414025925455,119.53164167359182,121.94609832763672,28282700,GS
2010-05-04,121.56275246328856,124.27085976944238,120.58392314589793,121.90534210205078,30313400,GS
2010-05-05,120.8041540841149,123.34911259421085,120.07002282017172,120.8775634765625,18355200,GS
2010-05-06,120.29838229986599,121.23643657852907,113.43024975283736,116.08941650390625,22984700,GS
2010-05-07,118.58550052203839,119.53986022636008,115.4206064127889,116.63599395751953,21268500,GS
2010-05-10,121.61166966010329,122.27237901647048,115.17585221452673,117.32112884521484,23098200,GS
2010-05-11,116.15473541348155,118.68338993713125,115.46140348999238,115.80399322509766,15497900,GS
2010-05-12,117.65560038984717,120.43710494916364,116.0568361226127,120.0700454711914,15457000,GS
2010-05-13,121.016287237365,121.0896966646478,117.8024528803714,117.99005889892578,11517900,GS
2010-05-14,116.97854967401423,117.58215459821514,115.74684513551779,116.83171844482422,10977400,GS
2010-05-17,117.02747528956941,117.7045019707404,112.99794989246041,116.35044860839844,16330100,GS
2010-05-18,117.20695664275303,117.25589624278982,111.4236949039185,112.04361724853516,18025300,GS
2010-05-19,112.52486256681334,114.30308002718867,111.01583777407758,114.27861022949219,18079900,GS
2010-05-20,112.72882544291684,113.78107689944062,110.73037910128988,111.01587677001953,16279200,GS
2010-05-21,111.81524046475772,117.01120286827073,111.1382135236584,114.70278930664062,25553400,GS
2010-05-24,115.82845332657001,116.60335950389293,111.35029244609419,111.49712371826172,16556800,GS
2010-05-25,109.89835263838498,116.79912329560277,109.46603619370201,116.28523254394531,21490900,GS
2010-05-26,117.69639645439405,118.92810146717741,113.94421424260409,114.44178771972656,17073900,GS
2010-05-27,116.87859392812813,118.61219670259443,115.33307876331443,118.5304183959961,12910200,GS
2010-05-28,118.09704210531693,119.22551805613642,117.01764063387131,117.96620178222656,10683700,GS
2010-06-01,117.96614747725046,119.71609544074168,115.87275318196535,116.00359344482422,9455200,GS
2010-06-02,116.11809541910782,118.57129461810305,115.41484448295786,118.43228149414062,7668400,GS
2010-06-03,118.49768339639424,118.7757096015225,116.52694401526303,117.78624725341797,7454900,GS
2010-06-04,116.25710488385266,119.28271463852512,115.88095467264463,116.32252502441406,14900400,GS
2010-06-07,116.34706530248695,117.15662556922305,112.72451363281644,113.4032211303711,12238600,GS
2010-06-08,113.7793689644899,114.22093929373216,110.4348439937151,112.66725158691406,14587000,GS
2010-06-09,113.32962726082839,114.00834723070197,111.39160380792345,111.86589050292969,8950600,GS
2010-06-10,112.52007214021036,112.65908526074061,107.36835145399142,109.38815307617188,21931000,GS
2010-06-11,109.0283362362691,111.25257086899383,108.75848286417956,110.91729736328125,9241800,GS
2010-06-14,112.11939589933003,112.11939589933003,109.0856003359899,109.11831665039062,10951400,GS
2010-06-15,110.09139459299878,112.35650595348535,109.00380823719716,111.94763946533203,10649300,GS
2010-06-16,111.26072785599051,113.05973760267945,110.97452884947913,112.07846069335938,7077700,GS
2010-06-17,111.98852985895289,113.15789451647595,110.57385528789327,112.29109954833984,8104300,GS
2010-06-18,112.70001274738438,114.253701072549,112.45469025456357,112.994384765625,10154900,GS
2010-06-21,114.1964744871877,114.60534122359384,112.28298115543635,112.63461303710938,8691000,GS
2010-06-22,112.47098703871397,112.6427164523127,110.05867727627454,110.22222137451172,9002200,GS
2010-06-23,109.4944664913881,111.52245373723298,108.53772017963242,110.45122528076172,8232200,GS
2010-06-24,109.69073161418108,111.19535771667837,108.84846741128213,110.37762451171875,9967900,GS
2010-06-25,112.02122933913984,115.21855534890906,110.74555559229297,114.20457458496094,14332300,GS
2010-06-28,114.79339532393458,114.79339532393458,111.64511738357284,111.75142669677734,9908100,GS
2010-06-29,110.37760204100107,111.08903826926203,108.89750723776139,109.37996673583984,10338100,GS
2010-06-30,109.3145224813994,109.82152533819765,107.13936256184249,107.34379577636719,9139800,GS
2010-07-01,107.68725102721056,109.37177885844383,105.89641392275496,107.23749542236328,11645300,GS
2010-07-02,108.03070237021532,108.25149376422148,106.05179009470275,107.18843841552734,6566400,GS
2010-07-06,109.36361995751994,109.89514143613584,107.18027426406748,108.15336608886719,7820100,GS
2010-07-07,108.30057805136525,111.31801530633697,107.99802078521512,111.07269287109375,9300400,GS
2010-07-08,111.96397878228521,112.16841199196897,109.21639594503104,110.77009582519531,9895700,GS
2010-07-09,110.68830331412231,113.25598359840406,110.05864561554803,112.89617919921875,6919900,GS
2010-07-12,112.52823293598824,113.10064351150533,111.23621336404126,112.23384857177734,4728900,GS
2010-07-13,113.2560322263449,115.4639090594218,112.93711682242953,114.68706512451172,8983900,GS
2010-07-14,113.90202621062589,114.14734861073823,112.56094456464275,113.71395111083984,6068500,GS
2010-07-15,114.49901040106192,119.5934849321298,112.69999978991434,118.751220703125,21621900,GS
2010-07-16,123.86200985899653,124.29540732052341,119.42989880580214,119.52802276611328,29604600,GS
2010-07-19,120.75464318488044,120.77917417922522,117.83534255930168,119.12734985351562,10875900,GS
2010-07-20,116.26530044689633,122.43918860561425,115.75013701541032,121.7686538696289,20571400,GS
2010-07-21,122.70086222325294,123.45317522743505,120.09229146621126,120.19860076904297,11337000,GS
2010-07-22,121.74411055509539,122.56184367278922,117.88440924137112,119.83879089355469,13307300,GS
2010-07-23,119.92058567408934,121.35980429441092,118.21971135890593,120.51753997802734,7306900,GS
2010-07-26,120.52565711610727,121.84220764411808,118.74300530224689,121.18801879882812,6089000,GS
2010-07-27,121.91580498382379,122.38191876399526,120.20674607842477,120.39482116699219,7151200,GS
2010-07-28,120.20676380047101,121.5560184031031,120.02686152310451,120.37030792236328,4845600,GS
2010-07-29,121.24527937699557,125.23580806298858,120.72193073894981,124.76970672607422,15657700,GS
2010-07-30,123.76393351694881,125.44846203102432,123.31417772978804,123.33053588867188,8792400,GS
2010-08-02,124.96597861714338,125.63651327231659,123.97651607372833,124.90055847167969,6523100,GS
2010-08-03,124.39355899561006,125.89819742876185,123.81297546426298,125.26853942871094,5648500,GS
2010-08-04,125.62013694584647,128.58851166910526,125.11314648885917,127.90161895751953,12283700,GS
2010-08-05,127.26383177686998,127.74629140765146,126.2580108789934,127.50096893310547,5680200,GS
2010-08-06,126.37248711152745,127.61544510736083,125.74284151211225,126.89583587646484,8082600,GS
2010-08-09,127.50909632947207,127.7298877256352,126.41333714166463,127.07569885253906,4209800,GS
2010-08-10,125.9472804581167,126.56058040437878,125.26037503531245,125.8491439819336,5861700,GS
2010-08-11,124.06646306930699,124.29542733197236,121.76863512623325,122.04666137695312,7734400,GS
2010-08-12,120.8691258032429,123.14242279084682,120.8691258032429,122.18567657470703,4949300,GS
2010-08-13,122.15294479361991,123.02791250968457,121.08988952636719,121.08988952636719,4218700,GS
2010-08-16,120.68105347086231,121.98941895595274,120.20676677132128,120.82823944091797,3760100,GS
2010-08-17,121.58053572395582,122.48821984763445,121.13896539674622,121.50694274902344,4391600,GS
2010-08-18,121.46608380485604,122.61091776923111,120.8037219105455,122.00579071044922,4460600,GS
2010-08-19,121.57237372382434,122.38193395309675,119.61799219038362,120.24765014648438,5290900,GS
2010-08-20,120.56661309916436,121.8177441884967,120.41124175854038,121.2208023071289,5276800,GS
2010-08-23,121.12264214562471,121.43338476614717,119.87969661877264,119.99417877197266,3729200,GS
2010-08-24,118.40773977764806,118.97197753873961,117.60636493894604,117.71266174316406,6372300,GS
2010-08-25,116.78043662892803,118.84112708670924,116.73137465001179,118.3095932006836,5638400,GS
2010-08-26,118.52224683429758,118.70214912865943,115.84008305350713,115.96273803710938,6818100,GS
2010-08-27,115.4066738885076,115.90549156777493,113.05159861883665,114.2781982421875,11252000,GS
2010-08-30,113.81094018398986,114.86026570862259,112.02379944085327,112.0320053100586,6205800,GS
2010-08-31,111.69586258129739,113.13868169747636,111.31875544956466,112.25331115722656,7064100,GS
2010-09-01,113.95850036536324,115.04881775360488,112.96656584896537,114.55695343017578,6897700,GS
2010-09-02,114.71269225189403,114.89304624064918,113.49941201667902,114.58972930908203,4992000,GS
2010-09-03,116.09809164340567,121.32013707412055,115.86035920257653,120.74627685546875,13588500,GS
2010-09-07,119.81174143152873,119.88553169220341,118.17216912314548,119.04115295410156,6211300,GS
2010-09-08,119.18051199935104,122.68919564731468,119.16411277418943,120.95124053955078,8310300,GS
2010-09-09,122.79578026794383,123.5253895501948,121.7382614802335,122.26292419433594,6729800,GS
2010-09-10,122.52526345194515,123.58278225386286,121.99239486223254,123.28765869140625,4417200,GS
2010-09-13,124.869832913851,126.82091545323092,124.85343368827557,126.55038452148438,7653600,GS
2010-09-14,125.86994105378949,126.04210162335589,124.79602336008787,125.04196166992188,5688200,GS
2010-09-15,124.33694974761517,125.26331199476382,123.51716369072396,125.06655883789062,5698200,GS
2010-09-16,124.83705046950776,125.00100521945258,123.91889386266028,124.79605865478516,4388600,GS
2010-09-17,124.69767124735422,124.9927947604588,123.42700021846109,123.77130889892578,4835600,GS
2010-09-20,123.77133367877566,124.93542873881891,122.87776960231902,124.5255355834961,5640500,GS
2010-09-21,124.69766950455544,126.71434890074184,123.86148414428851,124.11561584472656,6876000,GS
2010-09-22,122.92699346561113,123.4188704103746,121.07428032370936,121.38580322265625,8986100,GS
2010-09-23,119.9838914798875,120.40197787855082,118.03279660157291,118.79520416259766,9152400,GS
2010-09-24,119.89369671778555,121.00041276798767,119.54119475907794,120.73807525634766,5623700,GS
2010-09-27,120.51676127311379,121.66446942528583,119.50842777878199,119.68878173828125,5205900,GS
2010-09-28,120.10686119975423,120.2544292075551,118.09838768644306,118.87718200683594,5504800,GS
2010-09-29,118.88540090458002,118.88540090458002,116.85232207634164,118.39352416992188,6944900,GS
2010-09-30,119.07392097207499,120.49214730283585,118.29512674461404,118.52466583251953,6854400,GS
2010-10-01,119.03292482928619,121.73822113405349,118.72141465502348,121.08238983154297,7439800,GS
2010-10-04,121.08240908739477,121.71364791098003,118.62305069357248,120.15605926513672,5866700,GS
2010-10-05,120.96764688014878,123.19746629342801,119.7461734760497,122.61542510986328,8724700,GS
2010-10-06,122.76298358951792,124.878033488995,122.25472014780259,123.65654754638672,6330600,GS
2010-10-07,124.69765469001157,124.90260119942853,122.99249823058942,123.87786865234375,4471500,GS
2010-10-08,123.91068955717229,125.75520866244314,123.47620383531304,125.14857482910156,5225100,GS
2010-10-11,125.15676201496069,125.50107072988736,124.00906629853843,124.7714614868164,4454400,GS
2010-10-12,124.0336691391921,127.43577726545648,123.79592410824142,127.2390365600586,6378000,GS
2010-10-13,128.13261352691327,128.45232971433398,126.56681854102958,126.84554290771484,5626200,GS
2010-10-14,126.43563575259562,126.48482092846638,123.41882821569301,124.27140045166016,6891100,GS
2010-10-15,125.1731569962568,125.1731569962568,123.50899200941917,123.53358459472656,6901500,GS
2010-10-18,123.73037044850342,126.55864388084112,123.66479853637465,126.00118255615234,6972300,GS
2010-10-19,127.18160424676917,130.91982654369409,126.33722563623314,128.47686767578125,14491200,GS
2010-10-20,128.05880080059546,131.37073136348366,126.9520844875595,130.83787536621094,10631200,GS
2010-10-21,130.82150389310186,132.3954921438311,129.60822362859227,130.5919647216797,6350900,GS
2010-10-22,131.07561640072478,131.14939415735654,129.11632786240858,129.3294677734375,4051700,GS
2010-10-25,130.64111798004282,130.71489572948502,128.10798184431135,129.02613830566406,5728300,GS
2010-10-26,128.47691897390044,130.1246850495852,128.32115756451265,129.76397705078125,4068500,GS
2010-10-27,128.86219713291024,131.64946526023772,128.7064357506343,131.28875732421875,6570900,GS
2010-10-28,131.8708343916565,134.2728024225571,131.5265256214735,133.82192993164062,9918800,GS
2010-10-29,132.92830534766392,134.11700514827655,131.94456457210745,132.09213256835938,4536600,GS
2010-11-01,132.6168356205121,133.5923833363555,131.30517251352242,132.452880859375,4514400,GS
2010-11-02,132.8545697441132,133.62517089055768,132.64142980296867,133.4776153564453,3332400,GS
2010-11-03,133.77268017676028,133.77268017676028,131.63305061816416,133.32180786132812,4462800,GS
2010-11-04,134.13340938340326,136.41241393955008,133.37101424817064,136.4042205810547,8162600,GS
2010-11-05,136.0763881516383,140.33107028304488,136.01899708284748,140.24090576171875,11989300,GS
2010-11-08,139.3226490402193,140.6834970059417,138.6258383413447,138.7078094482422,5516100,GS
2010-11-09,139.60952077023626,140.0604054508122,136.08443941610375,136.5353240966797,7343900,GS
2010-11-10,136.33861693125698,138.2569132995785,135.73198325572113,137.08462524414062,6328100,GS
2010-11-11,135.91232785332707,138.45366968908655,135.91232785332707,137.486328125,3931500,GS
2010-11-12,136.40423822612266,137.82246498383063,134.97780559991352,135.94515991210938,4735600,GS
2010-11-15,135.82214771326943,138.8307735457613,135.2728925569864,137.08462524414062,5199000,GS
2010-11-16,135.9205274115065,136.90426815393798,134.9859718298553,135.3466796875,5914100,GS
2010-11-17,135.36312317070917,135.86319336326596,134.44496642724,135.17457580566406,3726300,GS
2010-11-18,135.83039018191087,138.48648971257728,135.7566124191581,137.1912384033203,4987500,GS
2010-11-19,137.3141672277974,137.51911374604785,135.83854979460565,136.6337432861328,4584500,GS
2010-11-22,134.69087061175406,134.7564550066119,129.8951165001831,132.0265655517578,11364000,GS
2010-11-23,130.42802557751014,131.90363113938412,129.2475311208524,129.3459014892578,7315000,GS
2010-11-24,130.3131944052932,131.7396141089836,129.97707912679098,131.37890625,4258200,GS
2010-11-26,129.90332667742933,130.6329358946306,129.58361055998031,129.70657348632812,1876900,GS
2010-11-29,129.10814954295503,131.16580866313734,128.7064497507035,130.5755615234375,4819900,GS
2010-11-30,129.86898821895107,130.90418910578717,128.28330993652344,128.28330993652344,5416900,GS
2010-12-01,130.18121337890625,130.79740720607353,128.98990782034863,130.18121337890625,6024000,GS
2010-12-02,130.76452350905882,134.12483018141526,130.50160817663829,133.50863647460938,7208600,GS
2010-12-03,132.5309170807437,133.50861292895428,132.23514365217991,133.35250854492188,4658000,GS
2010-12-06,132.81851397416668,134.07554824142576,132.67884489297057,133.6318817138672,3686300,GS
2010-12-07,135.16825628392965,135.37365418809586,132.6377526002225,132.760986328125,5527700,GS
2010-12-08,133.0649304606115,136.49917602539062,133.00741305296307,136.49917602539062,5259500,GS
2010-12-09,137.20575347571753,137.821946979351,136.1787643029951,136.75387573242188,5746400,GS
2010-12-10,136.7210820117341,138.41355895996094,136.30206220848726,138.41355895996094,4543600,GS
2010-12-13,138.23276266829302,140.42641035454915,137.9452006436884,139.24331665039062,5325200,GS
2010-12-14,139.39941916865837,139.66233444895084,137.0743138715955,137.47689819335938,4892700,GS
2010-12-15,136.91000777306886,137.4440372362594,135.65297377442775,135.73513793945312,4358100,GS
2010-12-16,136.1295731500104,136.3103243831899,134.09202861003052,135.1190185546875,4164400,GS
2010-12-17,134.675247282076,135.5625674094986,134.0179717206716,134.77383422851562,5343000,GS
2010-12-20,134.52738821208206,137.1236076600953,134.45343545402733,136.42526245117188,3719100,GS
2010-12-21,136.82780210800686,138.75033517266738,136.7949439738575,138.21629333496094,4546900,GS
2010-12-22,138.57786270607832,139.40766576306308,137.94523362259835,139.34194946289062,3858500,GS
2010-12-23,138.93110223438248,139.4240495222576,137.34542441065244,137.69871520996094,2494000,GS
2010-12-27,137.03325363294974,139.67056811158403,136.72105735845645,139.53089904785156,2715000,GS
2010-12-28,139.67055301768502,140.68110703812485,138.70929248070695,139.00506591796875,2862900,GS
2010-12-29,139.1775811966949,139.48978994721642,136.85248851583128,137.72337341308594,3329800,GS
2010-12-30,138.10131156632568,138.23276921445543,137.19756844253905,137.73159790039062,1745400,GS
2010-12-31,137.68233457644277,138.6846774241404,137.21402130357845,138.1588592529297,1636300,GS
2011-01-03,140.12248833196824,142.3407837532917,139.54737656147645,142.1764678955078,5717100,GS
2011-01-04,142.85008620630953,142.95689709512612,141.3137143698948,142.20103454589844,3335500,GS
2011-01-05,141.35482348224025,143.35950879629664,141.31374139895382,142.95692443847656,4140600,GS
2011-01-06,143.37594829369183,143.44167712730456,141.29732250960035,141.48629760742188,5375200,GS
2011-01-07,141.88883626391754,142.04494064014702,139.1447239194855,140.23744201660156,4916100,GS
2011-01-10,139.67060573421645,140.7304536381414,139.01332978816802,139.47341918945312,3650300,GS
2011-01-11,140.08135873497648,140.8454328560147,138.2902951803974,139.14474487304688,4572300,GS
2011-01-12,139.16939009447927,141.5684358806141,138.9968503554749,141.04261779785156,5592900,GS
2011-01-13,141.34660096212951,141.8067027484661,140.49215128905945,140.96046447753906,3183800,GS
2011-01-14,140.64827185970333,143.77853393554688,140.64827185970333,143.77853393554688,5885100,GS
2011-01-18,143.5730661091344,144.0578019215757,142.17636353840308,143.5155487060547,4981200,GS
2011-01-19,139.22690144550927,140.89473119165635,136.26916702370139,136.78677368164062,13372700,GS
2011-01-20,136.83608589143628,137.25509310166055,134.7492361703354,136.1295166015625,8914900,GS
2011-01-21,136.28562015323675,139.01329777695372,135.66120250685498,136.54852294921875,5876500,GS
2011-01-24,136.37596966639387,137.26328993916553,136.1787832047255,136.6306610107422,4624300,GS
2011-01-25,133.9604378830079,135.38999844324317,131.5531693238584,133.08132934570312,11259800,GS
2011-01-26,132.8513803565443,133.78799442815054,132.3091268054841,132.5309600830078,6738000,GS
2011-01-27,132.3830901001616,134.94645249198362,132.36665475402287,134.7657012939453,6036000,GS
2011-01-28,134.87249338700622,135.63656763296228,132.62132766750625,132.9088897705078,4570000,GS
2011-01-31,132.58844548141533,134.51096665805318,132.46519922968716,134.42880249023438,3792800,GS
2011-02-01,134.62598446076512,136.58958765552626,134.4205865845914,135.83372497558594,4138400,GS
2011-02-02,135.68586563820745,136.91004179695665,134.9053560224657,135.6037139892578,2986200,GS
2011-02-03,135.554392497508,135.554392497508,132.96637162843558,135.26683044433594,4710400,GS
2011-02-04,135.46402520198168,135.5461768389836,133.72224250853827,135.42294311523438,3354500,GS
2011-02-07,135.39002782265888,138.10950561680312,135.23393600283688,137.31256103515625,5036700,GS
2011-02-08,137.22222919128,138.61893236987424,136.5978115671727,138.47926330566406,4718700,GS
2011-02-09,138.2163754689949,138.2163754689949,135.28329946430955,136.39244079589844,5663900,GS
2011-02-10,135.68586029737696,136.91824781156384,135.2997112066789,135.8419647216797,4265800,GS
2011-02-11,135.6529529754507,137.77266023588842,135.40647305465757,136.92642211914062,4257100,GS
2011-02-14,136.5074219903807,137.8630554801251,135.98160393461384,137.6330108642578,3547200,GS
2011-02-15,137.46866379480758,138.3888420489128,137.0578681404408,137.95339965820312,4025900,GS
2011-02-16,138.48750367338434,139.5884336120042,138.02741429822947,138.69290161132812,4606300,GS
2011-02-17,138.4710529816257,138.59429925262992,137.20580734017477,137.33726501464844,4448100,GS
2011-02-18,137.23866529843826,138.27387881285193,137.08257341377487,138.0602569580078,3728100,GS
2011-02-22,136.1130739225842,136.18701415513962,133.385396428658,133.87013244628906,5448200,GS
2011-02-23,133.61546776697787,135.39832032611076,132.90889837398788,133.99339294433594,4560400,GS
2011-02-24,133.26215149518336,134.65885467101813,132.53915943108225,134.2809295654297,4619300,GS
2011-02-25,134.78215804049594,136.28567277026886,134.34671532240029,135.6612548828125,4636200,GS
2011-02-28,136.28693925089314,136.87974275086398,134.29446570609437,134.84609985351562,4235200,GS
2011-03-01,134.65668672502187,135.43062504303668,132.80417960501026,132.81240844726562,7015500,GS
2011-03-02,133.03476813841834,134.47560760867444,132.64779881849972,133.12533569335938,4658400,GS
2011-03-03,133.96515586659146,135.99878650221672,133.94868561050612,135.43069458007812,4581200,GS
2011-03-04,134.10511304946004,134.20390945339796,132.03030062489853,132.55723571777344,7810800,GS
2011-03-07,132.89477602974696,133.24880477050584,130.49886328488807,131.03402709960938,7004100,GS
2011-03-08,131.2645964432513,133.19944319096751,130.94349555353713,132.8042449951172,4845900,GS
2011-03-09,133.25706329812513,134.79669906149275,133.03475884913377,133.66873168945312,4125200,GS
2011-03-10,132.39257482335492,132.55723968922607,131.72567395054622,131.95620727539062,4563400,GS
2011-03-11,131.6104188406274,133.01008916807834,131.60217743057984,132.2937774658203,2883900,GS
2011-03-14,131.6844387533956,132.14550517255927,130.10363421778396,130.44119262695312,4376100,GS
2011-03-15,128.48993850536704,130.1283832538106,127.49370801653446,129.46971130371094,5243600,GS
2011-03-16,129.45322972800219,129.46147113564822,126.18458192536082,127.10672760009766,7223400,GS
2011-03-17,128.38289001536813,128.728702496806,126.75268681098468,128.2346954345703,5293900,GS
2011-03-18,128.93457601586658,131.9397509658128,127.81483722121361,131.70098876953125,10170600,GS
2011-03-21,133.06771009405085,133.50407766022076,131.65156957485345,131.9068145751953,4663300,GS
2011-03-22,132.26079713198794,133.55344168498345,131.83265856221055,132.38429260253906,3538900,GS
2011-03-23,131.75037870426098,131.9232724237493,130.2848399778266,131.34693908691406,3603300,GS
2011-03-24,132.02206023933482,132.1455557334629,130.7705847919729,131.6597900390625,2734400,GS
2011-03-25,132.1537541940666,132.1537541940666,129.8401803397699,130.06248474121094,4020700,GS
2011-03-28,130.25188384504094,131.1493179735694,128.77811644879344,128.8275146484375,3686800,GS
2011-03-29,128.93454635165727,130.66354607295023,128.05356995597373,130.47418212890625,3769400,GS
2011-03-30,130.9352144089071,132.0878805877061,129.65081136306844,130.96815490722656,2967200,GS
2011-03-31,129.57672034238772,131.79149784433267,129.52732215564274,130.58119201660156,3317700,GS
2011-04-01,131.54455083882564,133.3805887590061,131.45398326985935,131.92327880859375,3787900,GS
2011-04-04,132.3596389881604,132.4584479616729,130.5812407855533,130.82823181152344,2816800,GS
2011-04-05,130.46597246024825,131.034064375881,129.77435990695213,130.8364715576172,3173700,GS
2011-04-06,131.64331969556318,133.37233199091028,130.7870549562409,133.2899932861328,4198700,GS
2011-04-07,133.3722956797845,135.356527268233,133.0264958274849,133.70985412597656,4589200,GS
2011-04-08,134.60730201743198,134.71432722993515,132.40899485590802,132.52426147460938,3280800,GS
2011-04-11,132.17842814199787,134.12974407122226,132.17842814199787,132.9441375732422,3126900,GS
2011-04-12,131.93971565500223,132.91948840849926,131.28104373505178,132.07968139648438,3328100,GS
2011-04-13,133.79221638843694,135.01075121079305,131.59390886365995,131.87384033203125,5145000,GS
2011-04-14,129.6837332304066,129.75784306659824,127.82299718223172,128.26759338378906,7982300,GS
2011-04-15,128.58872908173498,129.22270190428983,127.31256715487531,127.72423553466797,5608300,GS
2011-04-18,126.835059315348,127.51843048956538,124.75201784256033,126.61275482177734,5992900,GS
2011-04-19,128.51465590379118,128.52289731333155,123.13003801347456,125.03194427490234,13463800,GS
2011-04-20,126.11052591093056,126.91739264767949,124.73555463800746,125.72355651855469,7181300,GS
2011-04-21,126.04468755824506,127.06563019783731,125.72358655627204,126.39048767089844,3977500,GS
2011-04-25,125.62472785700345,125.63295670210938,124.4720488229366,125.30362701416016,3711600,GS
2011-04-26,125.05664684185146,126.752718921747,124.96607927626846,126.19285583496094,4400000,GS
2011-04-27,126.46456717157467,126.6704014198597,125.14722295730026,125.85529327392578,4207000,GS
2011-04-28,125.60001082086215,125.64118016675674,123.66516463190133,123.9945068359375,5906700,GS
2011-04-29,123.73109027678623,125.04019316487067,123.20415506983313,124.33212280273438,6075500,GS
2011-05-02,125.31188294419621,126.02819464314905,124.381520721246,124.57088470458984,4362700,GS
2011-05-03,124.29912508552336,125.80583254174486,124.06035044082812,125.04012298583984,3557400,GS
2011-05-04,125.35302359815167,125.52592984812975,124.28268328140508,124.75199127197266,3768000,GS
2011-05-05,124.21680156999012,124.50497443481268,123.4593333278266,123.83807373046875,4100200,GS
2011-05-06,124.71080719058229,125.12247552815914,123.11353203068478,123.58283996582031,5429300,GS
2011-05-09,123.2535149340905,123.39348068079732,122.51251684843737,122.7759780883789,3152400,GS
2011-05-10,122.69366056562222,124.10980094875872,122.28199214175983,123.8298568725586,4033800,GS
2011-05-11,123.50050518683246,123.50050518683246,121.56565891365699,121.75503540039062,5310500,GS
2011-05-12,120.1989420054076,120.84937253908537,115.8105554250012,117.53132629394531,20659200,GS
2011-05-13,117.23491249563075,117.34195028708983,114.64963575386732,116.4692153930664,14256700,GS
2011-05-16,115.99993159912246,118.05827378277012,115.48122534864368,115.76116943359375,6458800,GS
2011-05-17,115.48119856687522,116.87263957042543,114.50966731180512,115.93403625488281,7071400,GS
2011-05-18,116.03282988950362,116.76561158018954,115.44003905019804,115.95873260498047,4768900,GS
2011-05-19,116.27986877620067,116.33750839044546,113.97452290577046,114.72376251220703,7331500,GS
2011-05-20,113.76866072868158,114.97073785486359,110.97754978010684,111.14222717285156,11284500,GS
2011-05-23,110.0306954977718,112.95354274850578,110.0306954977718,111.84203338623047,8406500,GS
2011-05-24,112.19611135906267,112.59953835823464,111.17516918518031,112.25373840332031,6605300,GS
2011-05-25,111.702086407978,113.28289133364491,111.57034952339222,112.17139434814453,6528800,GS
2011-05-26,112.13845276168638,112.55012109969779,111.43038271778191,112.18785095214844,5332300,GS
2011-05-27,112.46851609325711,114.70551010214817,112.45200342654734,114.45787048339844,5275700,GS
2011-05-31,116.2408732813483,117.46254624594143,115.46494160266225,116.16657257080078,7023200,GS
2011-06-01,115.52270761198143,115.56398298214138,112.34470563725728,112.40248107910156,6768100,GS
2011-06-02,112.79869750775002,112.86473558125364,108.54759886418657,110.92491912841797,12423400,GS
2011-06-03,109.769277298687,113.22794442644995,109.69498918553333,111.7091064453125,5457600,GS
2011-06-06,111.23033000693997,111.61829580198615,109.90134374199911,110.5286865234375,5287800,GS
2011-06-07,110.92490382956765,112.06402580284107,109.77751922607422,109.77751922607422,6191500,GS
2011-06-08,109.48033881017784,111.34586663350979,108.5475686007763,108.62185668945312,6795100,GS
2011-06-09,108.95206088675964,111.51923235243878,108.81998475969904,110.22325897216797,4498100,GS
2011-06-10,109.95916208582703,113.29400372073317,109.38959458736441,112.1961441040039,7556800,GS
2011-06-13,112.36948104451167,113.88831911250821,112.19612950843089,113.52511596679688,5272900,GS
2011-06-14,114.07816889931328,114.69726172539004,112.7079070880159,113.17017364501953,5849900,GS
2011-06-15,112.31991692194224,113.5746022350039,110.61946527167329,111.31285858154297,5715200,GS
2011-06-16,111.13125067331427,112.996778467643,110.73502234892248,112.33641052246094,5230700,GS
2011-06-17,113.77271443039085,114.56514592007548,113.26093523515821,113.27743530273438,6758300,GS
2011-06-20,112.6088376304875,112.86472727430863,110.90839829821597,111.55225372314453,4019900,GS
2011-06-21,111.84944067382882,113.24446523330258,110.85889464083111,112.22915649414062,4213300,GS
2011-06-22,111.92370633675147,113.73145909690273,110.96617323892657,111.04047393798828,4224400,GS
2011-06-23,109.86833479680563,110.47091489684802,108.66316200124625,109.25749206542969,6706600,GS
2011-06-24,109.62895611286412,110.15724815630816,107.98630453482252,108.06059265136719,5774800,GS
2011-06-27,107.92849766075106,108.84475539136491,107.14431606682312,107.8954849243164,5831800,GS
2011-06-28,108.41553012281062,108.41553012281062,105.90614613563602,106.69857788085938,8056000,GS
2011-06-29,107.08652237233642,109.97562158336503,106.8966708080584,109.3978042602539,8170800,GS
2011-06-30,109.8270641639625,110.446156957902,108.54760320405917,109.86007690429688,4980900,GS
2011-07-01,110.14074812250601,112.85650936329115,109.86009569749105,112.79872131347656,5103500,GS
2011-07-05,112.17959866326365,112.30342476767986,109.78577845690418,111.02396392822266,4458300,GS
2011-07-06,110.42961550317213,110.97442004273312,109.63718398696692,110.52041625976562,3029100,GS
2011-07-07,111.51099199517758,112.42724984202776,111.20557691138593,111.44495391845703,3857500,GS
2011-07-08,110.0499717533861,110.94145454098326,109.92614560281858,110.67731475830078,4141600,GS
2011-07-11,109.57938655786486,110.14069111738239,108.19262522578339,108.976806640625,4722900,GS
2011-07-12,108.48155776444906,109.5051289819892,107.3919610707218,107.56529998779297,4330900,GS
2011-07-13,107.92028154035602,108.77050146981558,107.06179897758594,107.24340057373047,4410500,GS
2011-07-14,108.71266466649719,109.12539309165129,107.10302632749057,107.21858978271484,5357200,GS
2011-07-15,108.3907684175619,108.55585731638291,106.63254078620287,107.44149780273438,5255100,GS
2011-07-18,106.96273482386022,107.44150146358709,105.24578250757365,106.7563705444336,5836500,GS
2011-07-19,103.78470997006718,107.2516205061031,103.59485209164394,106.06297302246094,15297700,GS
2011-07-20,105.65852312853109,110.44617747688814,105.31183261097289,109.5794448852539,8578300,GS
2011-07-21,110.21501931841996,112.24563643247667,109.99214240744703,111.91545867919922,7671000,GS
2011-07-22,111.46147832058327,112.65013863573836,110.9744616234084,111.84119415283203,4925500,GS
2011-07-25,110.75156715387128,113.19492548152049,110.19851246047044,112.96379852294922,5856700,GS
2011-07-26,112.76568637027754,114.94489244494805,112.2786697411806,113.58289337158203,5464700,GS
2011-07-27,112.91427131462576,113.29398712313159,110.97445468437492,111.20558166503906,5250000,GS
2011-07-28,111.4119072611129,114.02035381785564,111.14775503464564,112.13005065917969,4429700,GS
2011-07-29,110.69378274893923,112.75742513728281,109.89308849462404,111.41192626953125,5340300,GS
2011-08-01,113.02155012376468,113.36824048848972,110.40485342689783,110.73503112792969,5880700,GS
2011-08-02,109.02636580223835,111.23858459211078,108.2834469195318,108.32472229003906,7594500,GS
2011-08-03,108.423741552592,110.008616890071,107.89544977343233,109.02632141113281,6499400,GS
2011-08-04,108.00276839764038,108.8695005864961,104.18090554959169,104.19741821289062,8193300,GS
2011-08-05,105.4521123238491,106.67378493206253,100.99464408544644,103.3306884765625,11167300,GS
2011-08-08,100.77177843279186,103.54531408123466,92.54197224899325,97.12326049804688,17378000,GS
2011-08-09,99.47582640341946,101.65503241399547,92.1210013944225,101.30834197998047,15913400,GS
2011-08-10,98.70813588588366,98.78242398267002,90.83327644197975,91.0809097290039,18592000,GS
2011-08-11,93.22716189915762,98.84852484588914,92.65759427099003,97.48651885986328,11842200,GS
2011-08-12,98.90628698486748,99.78126965053728,95.16696666732963,96.14100646972656,9607900,GS
2011-08-15,97.04895928194243,98.80718006321466,95.75299231034121,98.336669921875,7257200,GS
2011-08-16,97.07374096588954,98.87323745973315,95.34028254283987,96.47116088867188,7413100,GS
2011-08-17,96.87563659165546,98.02302134824969,96.20701841920861,96.78483581542969,4828600,GS
2011-08-18,92.57499605707434,94.5148185850811,92.48419529085928,93.39219665527344,9284600,GS
2011-08-19,92.34388305530415,95.17520100725162,91.7165339298301,92.25308227539062,6829000,GS
2011-08-22,94.24240689086251,94.5065528304985,86.75551352615607,87.9194107055664,11286600,GS
2011-08-23,87.51494871886948,89.80972447814288,85.15414748334943,88.20833587646484,24482500,GS
2011-08-24,88.24134747457633,91.41109907716051,87.82036267501115,91.05615234375,10169800,GS
2011-08-25,94.5230708610666,97.48645809280991,89.24014547065494,90.66818237304688,11939500,GS
2011-08-26,89.66940636973948,92.92996583388228,88.91824365119498,92.24483489990234,7355700,GS
2011-08-29,93.81319411416956,96.19876446252705,92.72359107027526,95.81079864501953,5177900,GS
2011-08-30,95.48787225853212,96.04259955025123,93.76572757815475,95.36367797851562,5298800,GS
2011-08-31,95.54585546012794,97.53294554560154,94.94144649734864,96.22477722167969,6488100,GS
2011-09-01,95.67006710243561,95.67006710243561,92.39964570029888,92.8633041381836,9855500,GS
2011-09-02,89.89921738727892,90.44566356354711,87.59750703194808,88.6407241821289,8380900,GS
2011-09-06,85.83396818733556,87.43191926018153,85.6352610457549,86.57084655761719,7749300,GS
2011-09-07,87.7631217280713,90.07311408628692,86.93516774950459,89.70053100585938,6526400,GS
2011-09-08,88.69866943374707,89.41899136041518,86.71986077842881,86.76126098632812,6508800,GS
2011-09-09,86.4218032324327,87.61405855835778,84.63342656033036,84.65826416015625,8613700,GS
2011-09-12,83.44944330071083,85.27921998112667,82.61320840404086,85.21298217773438,8769600,GS
2011-09-13,85.6186916021988,87.08416681110413,84.03729706865298,86.18169403076172,7119200,GS
2011-09-14,86.86059766869535,87.66370719242802,85.71801788866905,86.55425262451172,6602200,GS
2011-09-15,87.07586234736674,89.57628529018007,87.01790585885297,89.39413452148438,6354500,GS
2011-09-16,90.30491836392461,90.79341437794454,87.68858770872079,88.99674987792969,7999300,GS
2011-09-19,87.20009021982256,87.43191626318446,85.48622618007032,86.77783203125,5821600,GS
2011-09-20,86.9351147546883,87.1586594132441,84.8900686635831,84.95630645751953,4978100,GS
2011-09-21,85.12192034825335,85.1384829601343,80.90763892489376,81.02355194091797,8586100,GS
2011-09-22,79.4504177083348,79.50837420110575,75.67495174089208,77.81107330322266,12381300,GS
2011-09-23,76.86721913490102,79.91408902969228,76.83410654538834,78.80463409423828,17489100,GS
2011-09-26,79.6408599881167,82.57181653365846,78.65559316811341,82.08332061767578,7038600,GS
2011-09-27,83.78891678778517,86.17342762524902,81.78527023324965,82.42279815673828,8583800,GS
2011-09-28,82.77878670680404,83.46598325291563,79.65739873845546,79.74847412109375,5676800,GS
2011-09-29,81.67760939972722,82.77878900821723,80.47707310283765,82.68771362304688,5949200,GS
2011-09-30,81.37130738322936,81.47066412417608,78.20852377280809,78.28304290771484,5780200,GS
2011-10-03,77.6123765967498,79.25172767103176,74.41647487004325,74.58206939697266,7745200,GS
2011-10-04,73.12487659690011,78.83775886413007,69.771661307043,78.30786895751953,12000000,GS
2011-10-05,77.7200403943141,79.10272198961836,75.19477829300847,78.06777954101562,8455400,GS
2011-10-06,77.82764657914794,81.13946132719678,75.97303208894047,81.08150482177734,7604000,GS
2011-10-07,81.19742322044551,81.19742322044551,76.37873269496318,76.74303436279297,7636900,GS
2011-10-10,78.58935993999081,79.8064528316325,77.78624387860631,79.5994644165039,6123500,GS
2011-10-11,78.29129761880847,81.81010074349929,77.82764558139695,80.06311798095703,7065300,GS
2011-10-12,81.30505364259533,83.73095832068505,79.80645941481754,82.0584945678711,8237900,GS
2011-10-13,81.03183132117465,81.15601932340246,78.25818135809172,79.60774993896484,6571500,GS
2011-10-14,80.13763448714586,81.00698202898504,78.36581418269073,80.08795928955078,5557400,GS
2011-10-17,79.07785134318188,81.04837866800092,78.796343830045,80.22870635986328,7227800,GS
2011-10-18,81.29677422563284,85.89191338019606,79.9389306896783,84.65826416015625,16777200,GS
2011-10-19,84.0786941631521,86.88545648053234,83.06030841269022,83.44944763183594,9959400,GS
2011-10-20,84.19462659253023,84.59204089163448,81.37130101363776,83.5074234008789,7351200,GS
2011-10-21,84.23601243487307,85.32891112803136,83.28386436264911,84.52579498291016,5854800,GS
2011-10-24,84.98941949966347,86.71156412267166,84.93146301315758,86.0905990600586,5616600,GS
2011-10-25,85.32063536309887,85.41998576907378,82.86161174664836,83.15967559814453,5150100,GS
2011-10-26,84.36848819078125,88.3757812993397,83.92139240881397,88.03632354736328,11751700,GS
2011-10-27,91.34814568221947,97.30941060766277,91.07491940796685,96.37382507324219,16477900,GS
2011-10-28,94.66820387058988,97.75647332608887,94.3867027016064,95.92669677734375,8249500,GS
2011-10-31,93.38489979720505,94.29564761570902,90.64437503588539,90.70233154296875,8071700,GS
2011-11-01,85.68491052605411,88.67382332615055,85.03910777222218,85.72631072998047,10225400,GS
2011-11-02,88.1356724813425,88.79803799543531,86.72815365987738,87.8707275390625,5602800,GS
2011-11-03,89.44382760553796,90.00683631381457,84.525781133733,89.15404510498047,8295100,GS
2011-11-04,88.03630735654622,88.23501445083649,85.94986075775205,86.96824645996094,6074600,GS
2011-11-07,86.89374039412616,87.88728864827573,85.90019845676218,87.40707397460938,4696900,GS
2011-11-08,88.1025501796484,90.46221679873325,87.92867435585558,89.89920806884766,6138600,GS
2011-11-09,86.92684572362766,86.9351270282348,81.82665488936588,82.52213287353516,10596500,GS
2011-11-10,84.34362254903158,84.40157903945682,81.2553533160715,82.3813705444336,8536500,GS
2011-11-11,83.53222630965912,84.61684334991635,83.01061788994124,84.16975402832031,4770400,GS
2011-11-14,83.22590671796944,83.30042583889738,81.45408622923807,82.20752716064453,4826400,GS
2011-11-15,81.38784860675794,83.63987729188642,81.18913517709363,82.58837890625,5664100,GS
2011-11-16,81.85977857556266,81.95912896951677,78.86258412784248,79.1523666381836,8889900,GS
2011-11-17,79.47525221579012,79.84783506923175,76.02268774457661,76.46150207519531,8994900,GS
2011-11-18,76.56088106309451,77.32259696512823,75.60045172130678,76.09722900390625,6228700,GS
2011-11-21,74.66485281817846,76.41183534739812,73.60507326461635,75.5921630859375,7802900,GS
2011-11-22,75.10367549725372,76.00614826845802,73.36497408024405,74.01905822753906,7087400,GS
2011-11-23,73.67129418093789,73.91967640368522,72.5287144792381,72.7688217163086,6608600,GS
2011-11-25,72.90959074175065,75.70807790440364,72.64464584697484,73.48088073730469,3675000,GS
2011-11-28,76.76785297723379,77.62064410983504,73.99420989106585,75.16162109375,8730600,GS
2011-11-29,75.09513937171182,75.87643008050327,73.68217301957296,73.81515502929688,5877300,GS
2011-11-30,76.79902089185165,79.79950257708559,75.94292893878337,79.6748275756836,10871200,GS
2011-12-01,78.61093444341593,79.47533962642333,77.46393220960177,78.48625946044922,6036600,GS
2011-12-02,79.40053847263827,85.12721772109228,79.40053847263827,80.83013153076172,15122900,GS
2011-12-05,82.75008368035056,84.93603315272155,82.3261976904744,82.9661865234375,8527400,GS
2011-12-06,82.81660722689787,84.86125575364672,82.28466645609659,84.07997131347656,6401800,GS
2011-12-07,83.34021026540461,88.18586295029866,82.32620282722709,87.379638671875,10620400,GS
2011-12-08,86.17449640894453,87.01396810266976,82.60051303267659,83.0493392944336,9218200,GS
2011-12-09,84.04674456512359,86.09139358675448,83.77246075532005,84.3210220336914,7014600,GS
2011-12-12,82.56724683923377,82.65867474221528,81.05453927340348,81.47843170166016,6133300,GS
2011-12-13,82.44257844455613,83.06594705340301,77.58861157956046,78.99327087402344,10105700,GS
2011-12-14,77.94600594439231,79.55014133805923,76.84056414466042,77.5054931640625,8376300,GS
2011-12-15,78.74391643568636,79.0431338582905,76.38343048095703,76.38343048095703,8163200,GS
2011-12-16,77.05665968196175,77.78807646059751,74.72110766256833,74.88733673095703,10053500,GS
2011-12-19,75.31954933863696,75.568892964009,72.22764019065245,72.89256286621094,9545300,GS
2011-12-20,74.6545977477983,76.05094318784737,73.26656566178444,75.61874389648438,8610800,GS
2011-12-21,75.66864164070348,76.641095191625,74.20580146502218,76.466552734375,6422500,GS
2011-12-22,76.56630599545565,78.91847919942047,76.2920222305593,78.47796630859375,8280500,GS
2011-12-23,78.79382515921482,78.96005431601735,77.07332738724155,77.95435333251953,3919500,GS
2011-12-27,77.71328216962377,77.99587287917599,76.32524966774139,76.38343048095703,3672000,GS
2011-12-28,76.18395302131084,76.83225531221723,74.83747464242093,74.90396881103516,3917400,GS
2011-12-29,75.29458564584363,75.9927615285503,75.01199502416954,75.6436767578125,4290500,GS
2011-12-30,75.2447279908793,75.75173484627616,74.92057689857401,75.16161346435547,4182800,GS
2012-01-03,77.27277922627566,80.14858585063907,77.15641758503575,79.25924682617188,8645200,GS
2012-01-04,78.73561235695585,79.06807053559729,77.8628937849389,78.7439193725586,7406200,GS
2012-01-05,78.08731291371568,79.62496070711681,76.88213602069568,78.61094665527344,8131300,GS
2012-01-06,77.96261071145997,78.09559267316675,76.81560879292849,77.64676666259766,5940900,GS
2012-01-09,77.70497607431416,79.05145460185581,77.26446325576975,78.7023696899414,5018200,GS
2012-01-10,80.92155122108501,82.68360863450843,80.65558088898646,81.72777557373047,7682700,GS
2012-01-11,81.40364351098307,83.63114794240651,81.03793184066099,82.91635131835938,7223000,GS
2012-01-12,83.58125173490278,84.32098189437073,81.66959201878497,84.12150573730469,6858700,GS
2012-01-13,81.45350035868793,82.64205679104059,80.62234219176254,82.25141143798828,7615800,GS
2012-01-17,81.96879041741646,84.64511339937405,80.58075197219614,81.1875,8041500,GS
2012-01-18,82.28466433881505,87.9614765418638,81.28727700453514,86.69811248779297,17960300,GS
2012-01-19,88.31054345761353,90.01442000905352,87.17185463795158,89.49909973144531,11480900,GS
2012-01-20,89.19989154281492,90.95363572967509,88.60145666599755,90.38013458251953,8439700,GS
2012-01-23,90.17234779584328,92.17544202285087,89.36612335895586,89.92300415039062,7091800,GS
2012-01-24,88.75938671418683,90.67936016539258,88.310560516262,90.48819732666016,4543900,GS
2012-01-25,88.29392971298509,90.5546744685306,88.04457974095709,89.98948669433594,7927600,GS
2012-01-26,90.27209023055462,91.67674958073552,89.79001696536153,90.23052978515625,6909600,GS
2012-01-27,89.57390433096951,93.25593491352787,89.44923569078742,92.8985366821289,8403600,GS
2012-01-30,91.73492071201326,91.77647481178971,90.40506269450688,91.2029800415039,6356900,GS
2012-01-31,92.00087536591504,93.50526922378799,90.72920471906862,92.64917755126953,8028400,GS
2012-02-01,93.59672154206115,96.95460129226804,92.76556337640301,94.29489135742188,11333000,GS
2012-02-02,95.03462337020936,95.9239687114493,93.67983781804541,94.24502563476562,6624200,GS
2012-02-03,96.09020521824381,97.71927461760582,95.91566274773011,97.68602752685547,7454500,GS
2012-02-06,96.73848307920186,97.74418353949002,96.68861562635152,97.56964111328125,3421900,GS
2012-02-07,97.05434502590504,97.22889383682713,95.84085475481211,96.39773559570312,5727300,GS
2012-02-08,96.9213563567715,97.27875462958964,95.20085916930594,96.53902435302734,4958200,GS
2012-02-09,97.40341950357654,97.56964858663173,95.62474168170736,96.3145980834961,4769800,GS
2012-02-10,95.18421901798524,96.13174504805343,94.13696441952476,94.85176086425781,5849400,GS
2012-02-13,96.29801577621352,96.47255828478427,94.73544021765008,95.19257354736328,3990000,GS
2012-02-14,94.46942843555442,94.62734415540451,92.59100943859991,93.81281280517578,4870300,GS
2012-02-15,94.15358457167828,95.7909669740312,93.84606014607255,94.0621566772461,6111800,GS
2012-02-16,93.46374279146622,95.56657849320068,92.77388626245201,95.36709594726562,6372400,GS
2012-02-17,95.96552882340887,96.95460914989621,95.44190141945126,96.33955383300781,5182300,GS
2012-02-21,96.59717866972689,98.00183764468922,96.35614210151707,96.93795013427734,5320400,GS
2012-02-22,96.59719355753798,97.36185747308403,94.99305820142888,95.05123901367188,4508500,GS
2012-02-23,95.26731847011212,96.26470538942765,94.10369617008975,96.24808502197266,5609600,GS
2012-02-24,96.68030827492319,97.22056229887448,95.67460775217468,96.30628967285156,4877500,GS
2012-02-27,95.18422851014488,96.95459942733285,94.70216160267329,96.60551452636719,4370200,GS
2012-02-28,96.70555540571688,98.92311688438522,96.08030396990405,97.63092803955078,6448200,GS
2012-02-29,97.13073767159747,98.48127683451692,95.98860931396484,95.98860931396484,6650700,GS
2012-03-01,96.68052826281401,101.07395806389914,96.57214729691975,100.98225402832031,10485800,GS
2012-03-02,101.2157281313519,101.85765028385889,99.92353899736503,100.00690460205078,7044100,GS
2012-03-05,99.70676904236774,99.99855179713026,97.96440462079507,98.89810943603516,5612700,GS
2012-03-06,96.80558357819704,96.90561972245396,94.29623974012185,94.76309204101562,8161100,GS
2012-03-07,95.58844279922033,97.3141365119661,95.2799831337084,97.03902435302734,5595000,GS
2012-03-08,98.14780508167146,98.9397876914194,96.7722506475529,97.68094635009766,4784100,GS
2012-03-09,98.05611041521686,98.78139808125644,96.90564358982365,97.78099822998047,5000600,GS
2012-03-12,98.1227953835767,98.264523884826,96.93898745333736,97.53089141845703,4060000,GS
2012-03-13,98.70637829783522,104.0835390291543,98.70637829783522,103.82510375976562,11884700,GS
2012-03-14,103.80842141679896,104.1002105436197,99.890181158093,100.34870147705078,14837200,GS
2012-03-15,101.48246569749169,102.99974205916135,100.1402589513548,102.59123992919922,7245600,GS
2012-03-16,102.62459413200234,102.95806281400347,100.92390957814413,102.48287200927734,7425700,GS
2012-03-19,102.4828793785389,105.04224167932605,101.87429851309653,103.62500762939453,8020700,GS
2012-03-20,102.94973364400852,106.59286771613404,102.75799342780472,105.05891418457031,8247000,GS
2012-03-21,105.60915374040819,106.30110030473965,103.80009414387781,105.03392028808594,4820500,GS
2012-03-22,104.03349199907552,104.68375240591853,103.44992023777566,103.99180603027344,5028400,GS
2012-03-23,104.92553281509629,105.70918335167455,103.80008145239327,105.19230651855469,5160600,GS
2012-03-26,106.09266844090287,106.88465743179303,105.40906043929763,106.7679443359375,4444000,GS
2012-03-27,107.2014386893742,107.30981967445116,105.20897130984491,105.31735229492188,5447000,GS
2012-03-28,105.1256134538857,106.07599518762095,103.44993771897906,105.34236907958984,5187900,GS
2012-03-29,104.75878369254613,105.54242773451541,102.44951845341369,103.17481231689453,5538800,GS
2012-03-30,103.95012326460244,104.60038365169524,102.48286498065869,103.683349609375,4651400,GS
2012-04-02,103.49160851457425,104.6587457028168,102.8580186648907,104.12519836425781,4084700,GS
2012-04-03,103.64169135353025,103.73339541832065,101.45747709457574,102.29948425292969,5594800,GS
2012-04-04,100.72386025104649,101.39912991750538,99.92353899736503,100.00690460205078,5633800,GS
2012-04-05,99.58169576036151,100.5320773031602,98.06441940603506,98.37287902832031,6103700,GS
2012-04-09,96.75557188299514,98.36455247225771,96.43044165058753,97.55589294433594,4043300,GS
2012-04-10,97.77262193307078,98.55627220827867,95.41333900352106,95.50504302978516,5770400,GS
2012-04-11,97.01398712584799,97.5558664591564,96.3387114446186,96.64717102050781,4177500,GS
2012-04-12,97.18075760638314,100.38204863948981,96.70556671401424,100.36537170410156,5514600,GS
2012-04-13,100.03189202327279,100.11525760993719,95.78018349952275,95.94691467285156,6368200,GS
2012-04-16,97.6392659200153,98.71469914640252,95.83853874270093,98.1478042602539,7137600,GS
2012-04-17,99.51501030889452,99.8484726178185,96.90562385490205,97.42250061035156,12894400,GS
2012-04-18,95.67180472462529,97.36415086604109,95.22996141011411,96.1469955444336,6637400,GS
2012-04-19,95.95523747928381,96.27203556144677,93.7626917419498,94.7047348022461,9240300,GS
2012-04-20,94.96316438522729,95.17991357580019,93.63762840713753,93.7376708984375,5369600,GS
2012-04-23,92.13705275898802,93.3208670291083,91.76190442546537,93.16246795654297,7047600,GS
2012-04-24,93.00407848123103,95.24664932786312,92.57057355419548,95.12993621826172,4701900,GS
2012-04-25,95.96359629966506,95.96359629966506,93.97112878712433,95.02155303955078,5080600,GS
2012-04-26,94.56300009498128,96.33037926616207,94.27121744795218,95.50504302978516,4587600,GS
2012-04-27,95.22996716827855,95.86355072607563,94.48799626122916,95.3800277709961,4008400,GS
2012-04-30,95.19661951961656,96.12199217493637,94.71309020486831,95.99694061279297,4240300,GS
2012-05-01,95.73849337483328,97.10571565047107,95.16326639951983,96.1469955444336,4308600,GS
2012-05-02,95.12158585796459,95.43004552928235,94.01280509498665,94.84647369384766,3956400,GS
2012-05-03,95.02152579346766,95.27162249398053,92.37879216598117,92.97903442382812,4854800,GS
2012-05-04,92.35380159682865,92.45384411326692,90.70314141810796,90.86153411865234,5500100,GS
2012-05-07,90.4780362949583,92.42048531927084,90.27795764690626,91.73687744140625,3267400,GS
2012-05-08,90.86153135554586,91.86193740834737,89.84445473070477,91.17832946777344,4065900,GS
2012-05-09,89.45262862667103,90.56974131413861,88.91908131916627,89.44429016113281,4777100,GS
2012-05-10,90.50303546976724,91.16997270445242,88.46888898870863,88.6356201171875,4694200,GS
2012-05-11,86.21801146178032,86.52647115633172,84.69239628446029,85.142578125,10631800,GS
2012-05-14,84.08381190578709,84.25888154104717,82.7999615534934,83.17510986328125,10075600,GS
2012-05-15,83.48357925615436,84.84245688469865,83.18345802917484,83.25849151611328,5656700,GS
2012-05-16,83.82537526572744,85.15090520754363,81.86624908447266,81.86624908447266,5797200,GS
2012-05-17,82.17471294542705,83.31684120740711,80.93254852294922,80.93254852294922,6375200,GS
2012-05-18,81.30771011678797,81.61616983623887,79.19852925020763,79.60702514648438,7184700,GS
2012-05-21,79.03177176600262,81.3243600081976,78.36483446048261,80.45734405517578,5314700,GS
2012-05-22,80.76582280351386,83.32518550364303,80.5240581129651,81.30770874023438,5839700,GS
2012-05-23,80.65742367162039,82.1246819451594,79.62367655999287,81.73285675048828,5469700,GS
2012-05-24,81.96628547814429,82.11634606038581,79.89878482952624,80.74913024902344,5177300,GS
2012-05-25,80.48236950175794,81.51611681175241,80.45736046076895,80.61575317382812,3096000,GS
2012-05-29,81.26073625312432,81.98949042488488,79.8953574884942,81.97274017333984,4528000,GS
2012-05-30,80.98434698318502,81.16863179015552,79.0828762010949,79.25040435791016,5713200,GS
2012-05-31,79.49328010024878,80.95917301846438,78.48809255042937,80.16339874267578,4833000,GS
2012-06-01,78.79804124567261,78.90693386786762,77.22325543088397,77.6001968383789,5384700,GS
2012-06-04,77.70071183620942,77.91849706464212,75.84949904981141,76.2264404296875,5332600,GS
2012-06-05,76.19295398155339,77.90176771774036,75.98354062747343,77.24002075195312,4682900,GS
2012-06-06,77.93524846873606,79.63568331072808,77.8179775410667,79.54354095458984,6399600,GS
2012-06-07,80.95083029408929,81.67121278478744,78.14469246630819,78.73942565917969,6068400,GS
2012-06-08,78.42948950207489,79.44304940036596,77.80962774419203,79.19175720214844,3366700,GS
2012-06-11,80.42310430398027,81.05134435070373,77.61696670677311,77.73423767089844,4941700,GS
2012-06-12,77.82633506500868,78.77288055419922,77.49964455004401,78.77288055419922,3668500,GS
2012-06-13,78.16980413169819,79.09122146505017,77.2902656280333,77.6672134399414,4694700,GS
2012-06-14,77.85150564648907,78.98233640902374,77.49131444456297,78.58863830566406,4461000,GS
2012-06-15,78.47134960404642,80.22204167030948,77.69233189651459,80.1299057006836,6186200,GS
2012-06-18,79.77811168281266,79.80324026343818,78.16981861489371,78.42948913574219,4081400,GS
2012-06-19,78.99070551748099,81.64606483615118,78.86505624945954,80.72464752197266,5295200,GS
2012-06-20,81.26073932466527,81.75495164875645,79.88698857773007,80.87541961669922,4941300,GS
2012-06-21,81.08483529585807,81.14347076638121,78.63051107404,78.6556396484375,5577700,GS
2012-06-22,79.84512549167309,79.84512549167309,78.03579738796142,78.42948913574219,6720200,GS
2012-06-25,77.36566034766176,77.39916724701033,75.94165227467973,76.41073608398438,4211300,GS
2012-06-26,76.63689136988826,76.92169678812604,75.74898100102743,76.25157165527344,4248000,GS
2012-06-27,76.38560801588989,78.5635053617501,76.24320209501319,78.12792205810547,3576100,GS
2012-06-28,77.1394640515598,78.3373081336693,76.50285235353836,78.31217956542969,4413500,GS
2012-06-29,80.42308119720217,80.56548069975676,79.17497339494443,80.29743194580078,6245300,GS
2012-07-02,80.88375943114777,81.50362715898703,80.0712351212164,81.36122131347656,3515900,GS
2012-07-03,81.36125434418288,82.7350051033573,80.94242773734223,82.59260559082031,2251100,GS
2012-07-05,82.2659053923466,82.2659053923466,80.32255056917302,80.3476791381836,3736900,GS
2012-07-06,79.2755179279452,80.41472707273873,79.1582469622272,79.97077178955078,3312800,GS
2012-07-09,79.44303768422618,79.87024266621758,78.46298483505853,79.13311004638672,4121300,GS
2012-07-10,79.45979103601638,79.82836052604928,78.0274046871895,78.94882202148438,3668600,GS
2012-07-11,78.63886961394549,79.97074134729752,78.52997701317015,79.6859359741211,4516400,GS
2012-07-12,79.02418274364753,79.35924522939936,78.09439377209459,78.75613403320312,3187000,GS
2012-07-13,79.51006730773373,81.97277060009,79.40955297958133,81.61257934570312,4592400,GS
2012-07-16,81.86383802998999,82.21565078855357,80.3811885048086,81.82195281982422,4503000,GS
2012-07-17,83.96636455154211,84.17577787541721,81.4031475123628,82.07327270507812,9502200,GS
2012-07-18,81.54555232092679,81.93087209492161,80.5654994354973,80.84192657470703,4443200,GS
2012-07-19,80.91728525941481,80.95079214909899,79.20010030090467,79.57704162597656,6164100,GS
2012-07-20,79.13309879156007,79.82835248104168,78.82316480701378,78.87342834472656,5543900,GS
2012-07-23,77.01382878737226,78.25355180825619,76.35208206521979,78.0357666015625,4761200,GS
2012-07-24,78.22006460572177,79.24200267714279,78.07766507532052,79.13311004638672,5301700,GS
2012-07-25,79.62732863283412,80.99270773877016,79.45142218910009,80.38121795654297,4578900,GS
2012-07-26,81.62093313308475,82.2575449893013,81.04295035680607,82.14027404785156,5077400,GS
2012-07-27,82.43346718803068,85.4825247948293,82.19054695568617,85.13908386230469,6397200,GS
2012-07-30,84.7286495684299,85.5914316179648,84.058524237698,84.50247955322266,3659600,GS
2012-07-31,83.9831208491827,85.25635104113447,83.76532920383224,84.51921844482422,3664000,GS
2012-08-01,84.82915234367651,85.23960708848466,83.61455753674832,83.8407211303711,3092800,GS
2012-08-02,82.50882984850725,82.95278496628312,81.01780836209551,81.93084716796875,3980200,GS
2012-08-03,83.2208560449919,84.90454100723107,82.92767866121584,84.58623504638672,3283100,GS
2012-08-06,84.8123844363936,86.1526282456262,84.39355784658424,85.4573745727539,2768700,GS
2012-08-07,85.75895712791849,87.4342640126343,85.71707829027375,86.47933959960938,3845000,GS
2012-08-08,85.85944366455078,86.53794063772642,85.58301660481771,85.85944366455078,2351100,GS
2012-08-09,85.78405050414831,87.11591576411887,85.6919081589042,86.78085327148438,2850200,GS
2012-08-10,86.58822007050807,86.5965920017687,85.54115349207834,86.29503631591797,3121600,GS
2012-08-13,85.90135794280327,87.0908242261649,85.90135794280327,86.78926849365234,2008600,GS
2012-08-14,87.24157400030164,88.48129704295707,86.20288591765782,86.49606323242188,3148200,GS
2012-08-15,86.57147654070693,87.5347792169458,86.3201843582891,86.38719177246094,2452500,GS
2012-08-16,86.49607928679028,87.05730544933327,85.94322505566147,86.68873596191406,2417900,GS
2012-08-17,86.65520403789827,86.78923159126626,86.11073467700092,86.78085327148438,2509700,GS
2012-08-20,86.54631117266257,88.37239504147324,86.39553337098883,88.1881103515625,3860800,GS
2012-08-21,88.53158320519961,89.9137060981919,87.74418702361106,88.22164916992188,4459800,GS
2012-08-22,87.76093385205093,89.08442760621901,86.8395164957673,87.67716979980469,4202400,GS
2012-08-23,87.61015144231932,87.94521402465459,86.82276172323674,87.18295288085938,3583100,GS
2012-08-24,86.74735876665312,88.13786607281142,85.63328492647459,87.92007446289062,3527100,GS
2012-08-27,88.05408477783203,88.66556788286144,87.60175139547302,88.05408477783203,2466800,GS
2012-08-28,87.88584918047029,89.08895843042419,87.66710029351239,88.36540985107422,2611100,GS
2012-08-29,88.64304638357338,89.42548810444343,88.37381946988023,88.78607177734375,2266900,GS
2012-08-30,88.12140761239853,88.50842086092722,87.45675233159645,88.10458374023438,2823700,GS
2012-08-31,88.68509588370901,89.66945596521782,88.60095727664027,88.94590759277344,3264100,GS
2012-09-04,88.80291770812356,90.23318473544694,88.79450256027988,89.5264663696289,3249200,GS
2012-09-05,89.9387019175548,92.5468388186694,89.84615456522606,92.4963607788086,6371600,GS
2012-09-06,93.06004288910482,95.72707266880475,92.55524329207923,95.52515411376953,6521500,GS
2012-09-07,95.74391367070976,98.22584904476153,95.53357994684517,97.87248992919922,6137100,GS
2012-09-10,97.64530781826221,97.80516347281682,96.36648183844937,96.48426818847656,4225100,GS
2012-09-11,96.94699097164245,99.07556653069194,96.77030505304361,98.17533874511719,3898500,GS
2012-09-12,98.77274325815108,99.66455642125541,98.17539609995124,99.47946166992188,4233700,GS
2012-09-13,99.269072394927,101.84356075864393,99.00826071051775,101.52384948730469,5261600,GS
2012-09-14,102.02026843129516,103.14765407932583,101.36402825779962,102.10440063476562,6187700,GS
2012-09-17,101.22940430750636,101.8940595791491,100.5479251639313,100.87604522705078,3598300,GS
2012-09-18,100.48062428625535,101.26306597604592,99.90851631502272,100.85922241210938,3033300,GS
2012-09-19,101.27145758611222,101.27145758611222,100.13565063476562,100.13565063476562,4818300,GS
2012-09-20,98.97466270705428,99.12610328495612,97.79679225880419,98.96624755859375,4448100,GS
2012-09-21,99.5803959765565,99.59721984969343,98.06599063920662,98.20060729980469,8188700,GS
2012-09-24,97.88089865187872,98.79795702569987,96.66938076731228,98.09964752197266,3697500,GS
2012-09-25,98.54556752162388,98.98306532188818,95.49152374267578,95.49152374267578,4547700,GS
2012-09-26,95.2559394499539,95.60929857129995,94.14537762652634,95.13815307617188,5185100,GS
2012-09-27,95.69342035518403,97.47705247926588,95.67659648313739,96.94701385498047,3898900,GS
2012-09-28,96.76192892609807,96.76192892609807,95.26435382678757,95.64295196533203,3653700,GS
2012-10-01,98.158526601986,100.13566203831826,97.93136903717226,98.3183822631836,5338600,GS
2012-10-02,98.89891792467235,99.47943462828782,98.51189823042769,98.64651489257812,3681300,GS
2012-10-03,98.9578324349651,99.4205628683548,97.77996206282174,99.20182037353516,3036400,GS
2012-10-04,99.8327918576164,101.26305847024621,99.21861462064582,100.87604522705078,3743200,GS
2012-10-05,101.65850188711748,102.13806254402257,99.76549828056429,100.37966918945312,3938300,GS
2012-10-08,99.51307645144274,100.72460058503114,99.40370524116739,100.50585174560547,2140400,GS
2012-10-09,100.44695383569463,101.5827544479866,100.13565767190364,100.64887237548828,3260600,GS
2012-10-10,100.5395281478781,101.17052937056353,100.16933870986222,101.02750396728516,2829600,GS
2012-10-11,101.75948635994506,103.43374797174569,101.59122189330444,102.63447570800781,4707200,GS
2012-10-12,102.32314115676596,102.87841878950128,100.86762912177572,101.1284408569336,4054900,GS
2012-10-15,102.39045269220945,104.83874028276776,101.59118712092021,104.7461929321289,6412000,GS
2012-10-16,104.51904638355376,105.9829674373759,102.93733252829915,103.66929626464844,10115900,GS
2012-10-17,103.75343645328773,105.20894889086291,103.52627881771917,105.09957122802734,6712400,GS
2012-10-18,104.15724441740281,106.41202179982504,103.644029707379,105.29304504394531,5375100,GS
2012-10-19,104.71255481578517,105.30990190399734,103.50103034455103,104.0058364868164,5876400,GS
2012-10-22,102.65967877446086,104.62840572267709,102.57554657061203,103.29067993164062,3643000,GS
2012-10-23,101.35559083755957,102.35678116979757,99.37845560556478,100.11882781982422,5818500,GS
2012-10-24,100.81715468191761,102.09598080507894,100.76667022705078,100.76667022705078,3662000,GS
2012-10-25,101.65846847259809,102.80268412330584,99.8243586576878,100.7245864868164,4128800,GS
2012-10-26,100.32075812207745,101.27987926495854,99.5972096923426,100.48902893066406,3960900,GS
2012-10-31,100.73300789876538,103.14763441428636,100.67411472567645,102.97095489501953,3679700,GS
2012-11-01,103.33277080353645,105.06591895617386,102.94575744998038,105.04067993164062,3336200,GS
2012-11-02,105.46134420157915,105.91566588578209,103.53468622220774,103.69454193115234,3188800,GS
2012-11-05,103.64404239083538,104.71253482773422,102.73539921085612,104.39282989501953,2568700,GS
2012-11-06,104.60316731624471,106.62237231482493,104.57792829682975,106.2185287475586,3986000,GS
2012-11-07,103.3159304575521,103.5851573744518,99.25228126467081,99.26069641113281,7075800,GS
2012-11-08,100.29553642827963,100.82557512440549,96.97226601592695,96.98067474365234,6252100,GS
2012-11-09,96.50950711113268,99.15129767728088,95.77754357762997,97.72103118896484,4823100,GS
2012-11-12,98.25951674165849,99.14291465221243,97.84726438339999,98.63811492919922,2453600,GS
2012-11-13,97.5023043522972,99.57198750618329,96.82082511423897,97.99028015136719,3156600,GS
2012-11-14,98.14171779406175,98.81478186565288,95.81121651639228,96.11409759521484,3885700,GS
2012-11-15,96.34123858463305,97.89770650054898,95.83643904688658,97.1236801147461,3702900,GS
2012-11-16,97.19942382041168,98.07441292133838,96.10569225841043,97.46023559570312,4515900,GS
2012-11-19,98.6044413901952,100.27870235543669,98.59603266332499,99.52991485595703,3868600,GS
2012-11-20,99.21862309382257,99.90851744171772,98.74747761297976,99.35323333740234,3304000,GS
2012-11-21,99.42896720689123,99.47103652302454,98.29316627893286,99.0251235961914,2075200,GS
2012-11-23,99.8411818349615,101.2209701538086,99.50464668963622,101.2209701538086,1977500,GS
2012-11-26,100.2534776437741,101.75946158451549,99.69819348507505,101.75105285644531,3371000,GS
2012-11-27,101.38085387361377,102.08757209756448,99.59722160255242,99.62246704101562,3875200,GS
2012-11-28,99.0648285460956,100.82222747802734,98.49029452781389,100.82222747802734,3811200,GS
2012-11-29,101.38830815401879,101.76851173115834,100.13784951717075,100.3152847290039,2980800,GS
2012-11-30,99.66471955530388,100.91517836044565,99.43659866753737,99.52108764648438,4264300,GS
2012-12-03,100.053340829423,101.08412279053378,99.75762627814377,100.03644561767578,3613900,GS
2012-12-04,99.79990731506652,100.02802820337378,98.17768926339744,98.4987564086914,3591600,GS
2012-12-05,98.87049251680918,99.6140108784295,98.00869476122496,98.96343231201172,3283000,GS
2012-12-06,99.03947703907697,99.25915350497995,98.17767283612399,99.02257537841797,2330900,GS
2012-12-07,99.50417594745635,99.6985063809214,98.1269870358396,98.49029541015625,3960500,GS
2012-12-10,98.52410580211273,98.99724925827456,97.68765392179917,98.86206817626953,3331900,GS
2012-12-11,99.32674914645652,101.21933564124015,98.88740262386823,100.42512512207031,5696500,GS
2012-12-12,100.788430737897,101.37141558776635,99.76609937749531,99.77454376220703,5372400,GS
2012-12-13,99.53795640398494,100.67857987789696,99.35207683205573,100.12094116210938,3329100,GS
2012-12-14,100.07867002964612,101.4474140102234,99.95193984763287,100.8475341796875,3717200,GS
2012-12-17,101.54883871999925,104.3370132446289,101.41365121897499,104.3370132446289,5476700,GS
2012-12-18,105.46074122712886,108.1475317262979,105.18192182483416,107.95320129394531,8040300,GS
2012-12-19,108.71361511570268,109.24590787489868,107.14209577672491,107.51385498046875,5525400,GS
2012-12-20,107.59834002031728,109.60076141357422,106.98156475964785,109.60076141357422,4402500,GS
2012-12-21,106.98999404528632,108.95016745536361,106.14509160221691,108.51927185058594,6393300,GS
2012-12-24,108.03771532435738,108.57000172818884,107.64061000650533,107.75889587402344,1359300,GS
2012-12-26,108.28273843478145,109.24592704431493,107.39558797784971,107.43783569335938,2210100,GS
2012-12-27,107.76733744001965,108.40101443842173,105.24952466341989,107.02381896972656,3263500,GS
2012-12-28,106.22960501549765,106.98156780164335,105.90008707642156,106.05216979980469,1859200,GS
2012-12-31,105.96768107155403,107.87716272591112,105.43539476154928,107.77577209472656,3623000,GS
